Time,Humidity,Temperature,HumidifierPower
Sun Mar  3 19:09:42 2019,94.0,26.3,0.0
Sun Mar  3 19:09:43 2019,94.0,26.3,0.0
Sun Mar  3 19:09:44 2019,94.0,26.3,0.0
Sun Mar  3 19:09:44 2019,94.0,26.3,0.0
Sun Mar  3 19:09:45 2019,94.0,26.3,0.0
Sun Mar  3 19:09:45 2019,94.0,26.3,0.0
Sun Mar  3 19:09:46 2019,94.0,26.3,0.0
Sun Mar  3 19:09:47 2019,94.0,26.3,0.0
Sun Mar  3 19:09:47 2019,94.0,26.3,0.0
Sun Mar  3 19:09:48 2019,94.0,26.3,0.0
Sun Mar  3 19:09:49 2019,94.0,26.3,0.0
Sun Mar  3 19:09:49 2019,94.0,26.3,0.0
Sun Mar  3 19:09:50 2019,94.0,26.3,0.0
Sun Mar  3 19:09:50 2019,94.0,26.3,0.0
Sun Mar  3 19:09:51 2019,94.0,26.3,0.0
Sun Mar  3 19:09:52 2019,94.0,26.3,0.0
Sun Mar  3 19:09:52 2019,94.0,26.3,0.0
Sun Mar  3 19:09:53 2019,94.0,26.3,0.0
Sun Mar  3 19:09:53 2019,94.0,26.3,0.0
Sun Mar  3 19:09:54 2019,94.0,26.3,0.0
Sun Mar  3 19:09:54 2019,94.0,26.3,0.0
Sun Mar  3 19:09:55 2019,94.0,26.3,0.0
Sun Mar  3 19:09:56 2019,94.0,26.3,0.0
Sun Mar  3 19:09:56 2019,94.0,26.3,0.0
Sun Mar  3 19:09:57 2019,94.0,26.3,0.0
Sun Mar  3 19:09:57 2019,94.0,26.3,0.0
Sun Mar  3 19:09:58 2019,94.0,26.3,0.0
Sun Mar  3 19:09:59 2019,94.0,26.3,0.0
Sun Mar  3 19:09:59 2019,94.0,26.3,0.0
Sun Mar  3 19:10:00 2019,94.0,26.3,0.0
Sun Mar  3 19:10:00 2019,94.0,26.3,0.0
Sun Mar  3 19:10:01 2019,94.0,26.3,0.0
Sun Mar  3 19:10:02 2019,94.0,26.2,0.0
Sun Mar  3 19:10:02 2019,94.0,26.3,0.0
Sun Mar  3 19:10:03 2019,94.0,26.3,0.0
Sun Mar  3 19:10:03 2019,94.0,26.3,0.0
Sun Mar  3 19:10:04 2019,94.0,26.3,0.0
Sun Mar  3 19:10:05 2019,94.0,26.3,0.0
Sun Mar  3 19:10:05 2019,94.0,26.3,0.0
Sun Mar  3 19:10:06 2019,94.0,26.3,0.0
Sun Mar  3 19:10:06 2019,94.0,26.3,0.0
Sun Mar  3 19:10:07 2019,94.0,26.3,0.0
Sun Mar  3 19:10:08 2019,94.0,26.3,0.0
Sun Mar  3 19:10:08 2019,94.0,26.3,0.0
Sun Mar  3 19:10:09 2019,94.0,26.3,0.0
Sun Mar  3 19:10:09 2019,94.0,26.3,0.0
Sun Mar  3 19:10:10 2019,94.0,26.3,0.0
Sun Mar  3 19:10:13 2019,94.0,26.3,0.0
Sun Mar  3 19:10:14 2019,94.0,26.3,0.0
Sun Mar  3 19:10:14 2019,94.0,26.3,0.0
Sun Mar  3 19:10:15 2019,94.0,26.3,0.0
Sun Mar  3 19:10:16 2019,94.0,26.3,0.0
Sun Mar  3 19:10:19 2019,94.0,26.3,0.0
Sun Mar  3 19:10:19 2019,94.0,26.3,0.0
Sun Mar  3 19:10:20 2019,94.0,26.3,0.0
Sun Mar  3 19:10:20 2019,94.0,26.3,0.0
Sun Mar  3 19:10:21 2019,94.0,26.3,0.0
Sun Mar  3 19:10:22 2019,94.0,26.3,0.0
Sun Mar  3 19:10:22 2019,94.0,26.3,0.0
Sun Mar  3 19:10:23 2019,94.0,26.3,0.0
Sun Mar  3 19:10:23 2019,94.0,26.3,0.0
Sun Mar  3 19:10:24 2019,94.0,26.3,0.0
Sun Mar  3 19:10:25 2019,94.0,26.3,0.0
Sun Mar  3 19:10:28 2019,94.0,26.3,0.0
Sun Mar  3 19:10:28 2019,94.0,26.3,0.0
Sun Mar  3 19:10:29 2019,94.0,26.3,0.0
Sun Mar  3 19:10:32 2019,94.0,26.3,0.0
Sun Mar  3 19:10:33 2019,94.0,26.3,0.0
Sun Mar  3 19:10:33 2019,94.0,26.3,0.0
Sun Mar  3 19:10:36 2019,94.0,26.3,0.0
Sun Mar  3 19:10:37 2019,94.0,26.3,0.0
Sun Mar  3 19:10:38 2019,94.0,26.3,0.0
Sun Mar  3 19:10:38 2019,94.0,26.3,0.0
Sun Mar  3 19:10:39 2019,94.0,26.3,0.0
Sun Mar  3 19:10:39 2019,94.0,26.3,0.0
Sun Mar  3 19:10:40 2019,94.0,26.3,0.0
Sun Mar  3 19:10:41 2019,94.0,26.3,0.0
Sun Mar  3 19:10:41 2019,94.0,26.3,0.0
Sun Mar  3 19:10:42 2019,94.0,26.3,0.0
Sun Mar  3 19:10:42 2019,94.0,26.3,0.0
Sun Mar  3 19:10:43 2019,94.0,26.3,0.0
Sun Mar  3 19:10:44 2019,94.0,26.3,0.0
Sun Mar  3 19:10:44 2019,94.0,26.3,0.0
Sun Mar  3 19:10:45 2019,94.0,26.3,0.0
Sun Mar  3 19:10:45 2019,94.0,26.3,0.0
Sun Mar  3 19:10:46 2019,94.0,26.3,0.0
Sun Mar  3 19:10:47 2019,94.0,26.2,0.0
Sun Mar  3 19:10:47 2019,94.0,26.3,0.0
Sun Mar  3 19:10:48 2019,94.0,26.3,0.0
Sun Mar  3 19:10:48 2019,94.0,26.3,0.0
Sun Mar  3 19:10:49 2019,94.0,26.3,0.0
Sun Mar  3 19:10:50 2019,94.0,26.3,0.0
Sun Mar  3 19:10:50 2019,94.0,26.3,0.0
Sun Mar  3 19:10:51 2019,94.0,26.3,0.0
Sun Mar  3 19:10:51 2019,94.0,26.3,0.0
Sun Mar  3 19:10:52 2019,94.0,26.3,0.0
Sun Mar  3 19:10:53 2019,94.0,26.3,0.0
Sun Mar  3 19:10:53 2019,94.0,26.3,0.0
Sun Mar  3 19:10:54 2019,94.0,26.3,0.0
Sun Mar  3 19:10:54 2019,94.0,26.3,0.0
Sun Mar  3 19:10:55 2019,94.0,26.3,0.0
Sun Mar  3 19:10:56 2019,94.0,26.3,0.0
Sun Mar  3 19:10:56 2019,94.0,26.3,0.0
Sun Mar  3 19:10:57 2019,94.0,26.3,0.0
Sun Mar  3 19:10:57 2019,94.0,26.3,0.0
Sun Mar  3 19:10:58 2019,94.0,26.3,0.0
Sun Mar  3 19:11:01 2019,94.0,26.3,0.0
Sun Mar  3 19:11:02 2019,94.0,26.3,0.0
Sun Mar  3 19:11:02 2019,94.0,26.3,0.0
Sun Mar  3 19:11:05 2019,94.0,26.3,0.0
Sun Mar  3 19:11:06 2019,94.0,26.3,0.0
Sun Mar  3 19:11:07 2019,94.0,26.3,0.0
Sun Mar  3 19:11:07 2019,94.0,26.3,0.0
Sun Mar  3 19:11:08 2019,94.0,26.3,0.0
Sun Mar  3 19:11:08 2019,94.0,26.3,0.0
Sun Mar  3 19:11:09 2019,94.0,26.3,0.0
Sun Mar  3 19:11:10 2019,94.0,26.3,0.0
Sun Mar  3 19:11:10 2019,94.0,26.3,0.0
Sun Mar  3 19:11:11 2019,94.0,26.3,0.0
Sun Mar  3 19:11:11 2019,94.0,26.3,0.0
Sun Mar  3 19:11:12 2019,94.0,26.3,0.0
Sun Mar  3 19:11:13 2019,94.0,26.3,0.0
Sun Mar  3 19:11:13 2019,94.0,26.2,0.0
Sun Mar  3 19:11:14 2019,94.0,26.3,0.0
Sun Mar  3 19:11:17 2019,94.0,26.3,0.0
Sun Mar  3 19:11:18 2019,94.0,26.3,0.0
Sun Mar  3 19:11:18 2019,94.0,26.3,0.0
Sun Mar  3 19:11:19 2019,94.0,26.3,0.0
Sun Mar  3 19:11:19 2019,94.0,26.3,0.0
Sun Mar  3 19:11:20 2019,94.0,26.3,0.0
Sun Mar  3 19:11:21 2019,94.0,26.3,0.0
Sun Mar  3 19:11:21 2019,94.0,26.3,0.0
Sun Mar  3 19:11:22 2019,94.0,26.3,0.0
Sun Mar  3 19:11:25 2019,94.0,26.2,0.0
Sun Mar  3 19:11:25 2019,94.0,26.3,0.0
Sun Mar  3 19:11:26 2019,94.0,26.3,0.0
Sun Mar  3 19:11:27 2019,94.0,26.3,0.0
Sun Mar  3 19:11:30 2019,94.0,26.3,0.0
Sun Mar  3 19:11:30 2019,94.0,26.3,0.0
Sun Mar  3 19:11:31 2019,94.0,26.3,0.0
Sun Mar  3 19:11:32 2019,94.0,26.3,0.0
Sun Mar  3 19:11:32 2019,94.0,26.3,0.0
Sun Mar  3 19:11:33 2019,94.0,26.3,0.0
Sun Mar  3 19:11:33 2019,94.0,26.2,0.0
Sun Mar  3 19:11:34 2019,94.0,26.3,0.0
Sun Mar  3 19:11:35 2019,94.0,26.3,0.0
Sun Mar  3 19:11:35 2019,94.0,26.3,0.0
Sun Mar  3 19:11:36 2019,94.0,26.3,0.0
Sun Mar  3 19:11:36 2019,94.0,26.3,0.0
Sun Mar  3 19:11:37 2019,94.0,26.3,0.0
Sun Mar  3 19:11:40 2019,94.0,26.3,0.0
Sun Mar  3 19:11:41 2019,94.0,26.3,0.0
Sun Mar  3 19:11:41 2019,94.0,26.3,0.0
Sun Mar  3 19:11:42 2019,94.0,26.3,0.0
Sun Mar  3 19:11:42 2019,94.0,26.3,0.0
Sun Mar  3 19:11:46 2019,94.0,26.3,0.0
Sun Mar  3 19:11:46 2019,94.0,26.3,0.0
Sun Mar  3 19:11:47 2019,94.0,26.3,0.0
Sun Mar  3 19:11:47 2019,94.0,26.3,0.0
Sun Mar  3 19:11:48 2019,94.0,26.3,0.0
Sun Mar  3 19:11:49 2019,94.0,26.3,0.0
Sun Mar  3 19:11:49 2019,94.0,26.3,0.0
Sun Mar  3 19:11:50 2019,94.0,26.2,0.0
Sun Mar  3 19:11:50 2019,94.0,26.3,0.0
Sun Mar  3 19:11:51 2019,94.0,26.3,0.0
Sun Mar  3 19:11:52 2019,94.0,26.3,0.0
Sun Mar  3 19:11:52 2019,94.0,26.3,0.0
Sun Mar  3 19:11:55 2019,94.0,26.3,0.0
Sun Mar  3 19:11:56 2019,94.0,26.3,0.0
Sun Mar  3 19:11:56 2019,94.0,26.3,0.0
Sun Mar  3 19:11:57 2019,94.0,26.3,0.0
Sun Mar  3 19:11:58 2019,94.0,26.3,0.0
Sun Mar  3 19:12:01 2019,94.0,26.3,0.0
Sun Mar  3 19:12:01 2019,94.0,26.3,0.0
Sun Mar  3 19:12:02 2019,94.0,26.3,0.0
Sun Mar  3 19:12:03 2019,94.0,26.3,0.0
Sun Mar  3 19:12:03 2019,94.0,26.3,0.0
Sun Mar  3 19:12:04 2019,94.0,26.3,0.0
Sun Mar  3 19:12:04 2019,94.0,26.2,0.0
Sun Mar  3 19:12:05 2019,94.0,26.3,0.0
Sun Mar  3 19:12:06 2019,94.0,26.3,0.0
Sun Mar  3 19:12:06 2019,94.0,26.3,0.0
Sun Mar  3 19:12:07 2019,94.0,26.3,0.0
Sun Mar  3 19:12:07 2019,94.0,26.3,0.0
Sun Mar  3 19:12:08 2019,94.0,26.3,0.0
Sun Mar  3 19:12:09 2019,94.0,26.3,0.0
Sun Mar  3 19:12:09 2019,94.0,26.3,0.0
Sun Mar  3 19:12:10 2019,94.0,26.3,0.0
Sun Mar  3 19:12:10 2019,94.0,26.3,0.0
Sun Mar  3 19:12:11 2019,94.0,26.3,0.0
Sun Mar  3 19:12:11 2019,94.0,26.3,0.0
Sun Mar  3 19:12:12 2019,94.0,26.3,0.0
Sun Mar  3 19:12:13 2019,94.0,26.3,0.0
Sun Mar  3 19:12:16 2019,94.0,26.3,0.0
Sun Mar  3 19:12:16 2019,94.0,26.3,0.0
Sun Mar  3 19:12:17 2019,94.0,26.3,0.0
Sun Mar  3 19:12:18 2019,94.0,26.3,0.0
Sun Mar  3 19:12:18 2019,94.0,26.2,0.0
Sun Mar  3 19:12:21 2019,94.0,26.3,0.0
Sun Mar  3 19:12:22 2019,94.0,26.3,0.0
Sun Mar  3 19:12:23 2019,94.0,26.3,0.0
Sun Mar  3 19:12:23 2019,94.0,26.3,0.0
Sun Mar  3 19:12:24 2019,94.0,26.2,0.0
Sun Mar  3 19:12:24 2019,94.0,26.3,0.0
Sun Mar  3 19:12:25 2019,94.0,26.3,0.0
Sun Mar  3 19:12:26 2019,94.0,26.3,0.0
Sun Mar  3 19:12:26 2019,94.0,26.3,0.0
Sun Mar  3 19:12:27 2019,94.0,26.3,0.0
Sun Mar  3 19:12:27 2019,94.0,26.3,0.0
Sun Mar  3 19:12:28 2019,94.0,26.3,0.0
Sun Mar  3 19:12:29 2019,94.0,26.3,0.0
Sun Mar  3 19:12:29 2019,94.0,26.3,0.0
Sun Mar  3 19:12:30 2019,94.0,26.3,0.0
Sun Mar  3 19:12:30 2019,94.0,26.3,0.0
Sun Mar  3 19:12:31 2019,94.0,26.3,0.0
Sun Mar  3 19:12:32 2019,94.0,26.3,0.0
Sun Mar  3 19:12:32 2019,94.0,26.3,0.0
Sun Mar  3 19:12:33 2019,94.0,26.3,0.0
Sun Mar  3 19:12:33 2019,94.0,26.3,0.0
Sun Mar  3 19:12:34 2019,94.0,26.3,0.0
Sun Mar  3 19:12:34 2019,94.0,26.3,0.0
Sun Mar  3 19:12:38 2019,94.0,26.2,0.0
Sun Mar  3 19:12:38 2019,94.0,26.3,0.0
Sun Mar  3 19:12:39 2019,94.0,26.3,0.0
Sun Mar  3 19:12:39 2019,94.0,26.3,0.0
Sun Mar  3 19:12:40 2019,94.0,26.3,0.0
Sun Mar  3 19:12:41 2019,94.0,26.3,0.0
Sun Mar  3 19:12:41 2019,94.0,26.3,0.0
Sun Mar  3 19:12:42 2019,94.0,26.3,0.0
Sun Mar  3 19:12:42 2019,94.0,26.3,0.0
Sun Mar  3 19:12:46 2019,94.0,26.3,0.0
Sun Mar  3 19:12:49 2019,94.0,26.3,0.0
Sun Mar  3 19:12:49 2019,94.0,26.3,0.0
Sun Mar  3 19:12:50 2019,94.0,26.3,0.0
Sun Mar  3 19:12:51 2019,94.0,26.3,0.0
Sun Mar  3 19:12:51 2019,94.0,26.3,0.0
Sun Mar  3 19:12:52 2019,94.0,26.3,0.0
Sun Mar  3 19:12:52 2019,94.0,26.3,0.0
Sun Mar  3 19:12:55 2019,94.0,26.3,0.0
Sun Mar  3 19:12:59 2019,94.0,26.3,0.0
Sun Mar  3 19:13:02 2019,94.0,26.3,0.0
Sun Mar  3 19:13:02 2019,94.0,26.3,0.0
Sun Mar  3 19:13:03 2019,94.0,26.3,0.0
Sun Mar  3 19:13:04 2019,94.0,26.3,0.0
Sun Mar  3 19:13:04 2019,94.0,26.3,0.0
Sun Mar  3 19:13:05 2019,94.0,26.3,0.0
Sun Mar  3 19:13:05 2019,94.0,26.3,0.0
Sun Mar  3 19:13:06 2019,94.0,26.3,0.0
Sun Mar  3 19:13:06 2019,94.0,26.3,0.0
Sun Mar  3 19:13:10 2019,94.0,26.3,0.0
Sun Mar  3 19:13:10 2019,94.0,26.3,0.0
Sun Mar  3 19:13:11 2019,94.0,26.2,0.0
Sun Mar  3 19:13:11 2019,94.0,26.2,0.0
Sun Mar  3 19:13:12 2019,94.0,26.3,0.0
Sun Mar  3 19:13:13 2019,94.0,26.3,0.0
Sun Mar  3 19:13:13 2019,94.0,26.3,0.0
Sun Mar  3 19:13:14 2019,94.0,26.2,0.0
Sun Mar  3 19:13:14 2019,94.0,26.3,0.0
Sun Mar  3 19:13:15 2019,94.0,26.3,0.0
Sun Mar  3 19:13:16 2019,94.0,26.3,0.0
Sun Mar  3 19:13:16 2019,94.0,26.3,0.0
Sun Mar  3 19:13:17 2019,94.0,26.3,0.0
Sun Mar  3 19:13:17 2019,94.0,26.3,0.0
Sun Mar  3 19:13:18 2019,94.0,26.3,0.0
Sun Mar  3 19:13:19 2019,94.0,26.3,0.0
Sun Mar  3 19:13:19 2019,94.0,26.2,0.0
Sun Mar  3 19:13:20 2019,94.0,26.3,0.0
Sun Mar  3 19:13:20 2019,94.0,26.3,0.0
Sun Mar  3 19:13:21 2019,94.0,26.3,0.0
Sun Mar  3 19:13:21 2019,94.0,26.3,0.0
Sun Mar  3 19:13:22 2019,94.0,26.3,0.0
Sun Mar  3 19:13:23 2019,94.0,26.3,0.0
Sun Mar  3 19:13:23 2019,94.0,26.2,0.0
Sun Mar  3 19:13:24 2019,94.0,26.3,0.0
Sun Mar  3 19:13:24 2019,94.0,26.3,0.0
Sun Mar  3 19:13:25 2019,94.0,26.3,0.0
Sun Mar  3 19:13:26 2019,94.0,26.3,0.0
Sun Mar  3 19:13:26 2019,94.0,26.3,0.0
Sun Mar  3 19:13:29 2019,94.0,26.3,0.0
Sun Mar  3 19:13:30 2019,94.0,26.3,0.0
Sun Mar  3 19:13:31 2019,94.0,26.3,0.0
Sun Mar  3 19:13:31 2019,94.0,26.3,0.0
Sun Mar  3 19:13:32 2019,94.0,26.3,0.0
Sun Mar  3 19:13:32 2019,94.0,26.2,0.0
Sun Mar  3 19:13:33 2019,94.0,26.3,0.0
Sun Mar  3 19:13:34 2019,94.0,26.3,0.0
Sun Mar  3 19:13:34 2019,94.0,26.3,0.0
Sun Mar  3 19:13:35 2019,94.0,26.3,0.0
Sun Mar  3 19:13:35 2019,94.0,26.3,0.0
Sun Mar  3 19:13:36 2019,94.0,26.3,0.0
Sun Mar  3 19:13:37 2019,94.0,26.2,0.0
Sun Mar  3 19:13:37 2019,94.0,26.3,0.0
Sun Mar  3 19:13:38 2019,94.0,26.3,0.0
Sun Mar  3 19:13:38 2019,94.0,26.3,0.0
Sun Mar  3 19:13:39 2019,94.0,26.3,0.0
Sun Mar  3 19:13:40 2019,94.0,26.3,0.0
Sun Mar  3 19:13:40 2019,94.0,26.3,0.0
Sun Mar  3 19:13:41 2019,94.0,26.3,0.0
Sun Mar  3 19:13:41 2019,94.0,26.3,0.0
Sun Mar  3 19:13:42 2019,94.0,26.3,0.0
Sun Mar  3 19:13:43 2019,94.0,26.3,0.0
Sun Mar  3 19:13:43 2019,94.0,26.3,0.0
Sun Mar  3 19:13:44 2019,94.0,26.3,0.0
Sun Mar  3 19:13:47 2019,94.0,26.3,0.0
Sun Mar  3 19:13:47 2019,94.0,26.3,0.0
Sun Mar  3 19:13:48 2019,94.0,26.3,0.0
Sun Mar  3 19:13:49 2019,94.0,26.3,0.0
Sun Mar  3 19:13:49 2019,94.0,26.3,0.0
Sun Mar  3 19:13:50 2019,94.0,26.3,0.0
Sun Mar  3 19:13:50 2019,94.0,26.3,0.0
Sun Mar  3 19:13:51 2019,94.0,26.3,0.0
Sun Mar  3 19:13:52 2019,94.0,26.3,0.0
Sun Mar  3 19:13:55 2019,94.0,26.3,0.0
Sun Mar  3 19:13:55 2019,94.0,26.3,0.0
Sun Mar  3 19:13:56 2019,94.0,26.3,0.0
Sun Mar  3 19:13:57 2019,94.0,26.3,0.0
Sun Mar  3 19:13:57 2019,94.0,26.3,0.0
Sun Mar  3 19:13:58 2019,94.0,26.3,0.0
Sun Mar  3 19:13:58 2019,94.0,26.3,0.0
Sun Mar  3 19:13:59 2019,94.0,26.3,0.0
Sun Mar  3 19:13:59 2019,94.0,26.3,0.0
Sun Mar  3 19:14:00 2019,94.0,26.3,0.0
Sun Mar  3 19:14:01 2019,94.0,26.3,0.0
Sun Mar  3 19:14:04 2019,94.0,26.3,0.0
Sun Mar  3 19:14:04 2019,94.0,26.3,0.0
Sun Mar  3 19:14:05 2019,94.0,26.3,0.0
Sun Mar  3 19:14:06 2019,94.0,26.3,0.0
Sun Mar  3 19:14:06 2019,94.0,26.3,0.0
Sun Mar  3 19:14:07 2019,94.0,26.3,0.0
Sun Mar  3 19:14:07 2019,94.0,26.3,0.0
Sun Mar  3 19:14:08 2019,94.0,26.3,0.0
Sun Mar  3 19:14:09 2019,94.0,26.3,0.0
Sun Mar  3 19:14:09 2019,94.0,26.3,0.0
Sun Mar  3 19:14:10 2019,94.0,26.3,0.0
Sun Mar  3 19:14:10 2019,94.0,26.3,0.0
Sun Mar  3 19:14:11 2019,94.0,26.3,0.0
Sun Mar  3 19:14:12 2019,94.0,26.3,0.0
Sun Mar  3 19:14:12 2019,94.0,26.3,0.0
Sun Mar  3 19:14:13 2019,94.0,26.3,0.0
Sun Mar  3 19:14:13 2019,94.0,26.3,0.0
Sun Mar  3 19:14:14 2019,94.0,26.3,0.0
Sun Mar  3 19:14:15 2019,94.0,26.3,0.0
Sun Mar  3 19:14:15 2019,94.0,26.3,0.0
Sun Mar  3 19:14:16 2019,94.0,26.3,0.0
Sun Mar  3 19:14:16 2019,94.0,26.3,0.0
Sun Mar  3 19:14:17 2019,94.0,26.2,0.0
Sun Mar  3 19:14:18 2019,94.0,26.3,0.0
Sun Mar  3 19:14:18 2019,94.0,26.3,0.0
Sun Mar  3 19:14:19 2019,94.0,26.3,0.0
Sun Mar  3 19:14:19 2019,94.0,26.3,0.0
Sun Mar  3 19:14:20 2019,94.0,26.2,0.0
Sun Mar  3 19:14:21 2019,94.0,26.3,0.0
Sun Mar  3 19:14:21 2019,94.0,26.3,0.0
Sun Mar  3 19:14:22 2019,94.0,26.3,0.0
Sun Mar  3 19:14:22 2019,94.0,26.3,0.0
Sun Mar  3 19:14:23 2019,94.0,26.2,0.0
Sun Mar  3 19:14:24 2019,94.0,26.3,0.0
Sun Mar  3 19:14:24 2019,94.0,26.3,0.0
Sun Mar  3 19:14:25 2019,94.0,26.3,0.0
Sun Mar  3 19:14:25 2019,94.0,26.3,0.0
Sun Mar  3 19:14:26 2019,94.0,26.2,0.0
Sun Mar  3 19:14:27 2019,94.0,26.2,0.0
Sun Mar  3 19:14:30 2019,94.0,26.3,0.0
Sun Mar  3 19:14:30 2019,94.0,26.3,0.0
Sun Mar  3 19:14:31 2019,94.0,26.3,0.0
Sun Mar  3 19:14:31 2019,94.0,26.3,0.0
Sun Mar  3 19:14:32 2019,94.0,26.3,0.0
Sun Mar  3 19:14:33 2019,94.0,26.2,0.0
Sun Mar  3 19:14:33 2019,94.0,26.3,0.0
Sun Mar  3 19:14:34 2019,94.0,26.3,0.0
Sun Mar  3 19:14:34 2019,94.0,26.3,0.0
Sun Mar  3 19:14:35 2019,94.0,26.3,0.0
Sun Mar  3 19:14:36 2019,94.0,26.3,0.0
Sun Mar  3 19:14:36 2019,94.0,26.3,0.0
Sun Mar  3 19:14:37 2019,94.0,26.3,0.0
Sun Mar  3 19:14:37 2019,94.0,26.3,0.0
Sun Mar  3 19:14:38 2019,94.0,26.3,0.0
Sun Mar  3 19:14:39 2019,94.0,26.3,0.0
Sun Mar  3 19:14:39 2019,94.0,26.3,0.0
Sun Mar  3 19:14:42 2019,94.0,26.3,0.0
Sun Mar  3 19:14:43 2019,94.0,26.3,0.0
Sun Mar  3 19:14:44 2019,94.0,26.3,0.0
Sun Mar  3 19:14:44 2019,94.0,26.3,0.0
Sun Mar  3 19:14:45 2019,94.0,26.3,0.0
Sun Mar  3 19:14:45 2019,94.0,26.3,0.0
Sun Mar  3 19:14:46 2019,94.0,26.3,0.0
Sun Mar  3 19:14:47 2019,94.0,26.3,0.0
Sun Mar  3 19:14:47 2019,94.0,26.3,0.0
Sun Mar  3 19:14:48 2019,94.0,26.3,0.0
Sun Mar  3 19:14:48 2019,94.0,26.3,0.0
Sun Mar  3 19:14:49 2019,94.0,26.3,0.0
Sun Mar  3 19:14:50 2019,94.0,26.3,0.0
Sun Mar  3 19:14:50 2019,94.0,26.3,0.0
Sun Mar  3 19:14:51 2019,94.0,26.3,0.0
Sun Mar  3 19:14:51 2019,94.0,26.3,0.0
Sun Mar  3 19:14:52 2019,94.0,26.3,0.0
Sun Mar  3 19:14:53 2019,94.0,26.3,0.0
Sun Mar  3 19:14:53 2019,94.0,26.3,0.0
Sun Mar  3 19:14:54 2019,94.0,26.3,0.0
Sun Mar  3 19:14:54 2019,94.0,26.3,0.0
Sun Mar  3 19:14:55 2019,94.0,26.3,0.0
Sun Mar  3 19:14:56 2019,94.0,26.3,0.0
Sun Mar  3 19:14:56 2019,94.0,26.3,0.0
Sun Mar  3 19:14:57 2019,94.0,26.3,0.0
Sun Mar  3 19:14:57 2019,94.0,26.3,0.0
Sun Mar  3 19:14:58 2019,94.0,26.3,0.0
Sun Mar  3 19:14:59 2019,94.0,26.3,0.0
Sun Mar  3 19:14:59 2019,94.0,26.3,0.0
Sun Mar  3 19:15:00 2019,94.0,26.3,0.0
Sun Mar  3 19:15:00 2019,94.0,26.2,0.0
Sun Mar  3 19:15:01 2019,94.0,26.3,0.0
Sun Mar  3 19:15:01 2019,94.0,26.2,0.0
Sun Mar  3 19:15:02 2019,94.0,26.3,0.0
Sun Mar  3 19:15:03 2019,94.0,26.3,0.0
Sun Mar  3 19:15:06 2019,94.0,26.3,0.0
Sun Mar  3 19:15:06 2019,94.0,26.3,0.0
Sun Mar  3 19:15:07 2019,94.0,26.3,0.0
Sun Mar  3 19:15:08 2019,94.0,26.3,0.0
Sun Mar  3 19:15:08 2019,94.0,26.3,0.0
Sun Mar  3 19:15:09 2019,94.0,26.3,0.0
Sun Mar  3 19:15:09 2019,94.0,26.3,0.0
Sun Mar  3 19:15:10 2019,94.0,26.3,0.0
Sun Mar  3 19:15:11 2019,94.0,26.3,0.0
Sun Mar  3 19:15:11 2019,94.0,26.3,0.0
Sun Mar  3 19:15:12 2019,94.0,26.3,0.0
Sun Mar  3 19:15:12 2019,94.0,26.3,0.0
Sun Mar  3 19:15:13 2019,94.0,26.3,0.0
Sun Mar  3 19:15:14 2019,94.0,26.3,0.0
Sun Mar  3 19:15:14 2019,94.0,26.3,0.0
Sun Mar  3 19:15:15 2019,94.0,26.3,0.0
Sun Mar  3 19:15:15 2019,94.0,26.3,0.0
Sun Mar  3 19:15:16 2019,94.0,26.3,0.0
Sun Mar  3 19:15:16 2019,94.0,26.3,0.0
Sun Mar  3 19:15:17 2019,94.0,26.3,0.0
Sun Mar  3 19:15:18 2019,94.0,26.3,0.0
Sun Mar  3 19:15:18 2019,94.0,26.3,0.0
Sun Mar  3 19:15:19 2019,94.0,26.3,0.0
Sun Mar  3 19:15:22 2019,94.0,26.3,0.0
Sun Mar  3 19:15:23 2019,94.0,26.3,0.0
Sun Mar  3 19:15:23 2019,94.0,26.3,0.0
Sun Mar  3 19:15:24 2019,94.0,26.3,0.0
Sun Mar  3 19:15:25 2019,94.0,26.3,0.0
Sun Mar  3 19:15:25 2019,94.0,26.3,0.0
Sun Mar  3 19:15:26 2019,94.0,26.3,0.0
Sun Mar  3 19:15:26 2019,94.0,26.3,0.0
Sun Mar  3 19:15:27 2019,93.0,26.2,0.0
Sun Mar  3 19:15:28 2019,94.0,26.3,0.0
Sun Mar  3 19:15:28 2019,94.0,26.3,0.0
Sun Mar  3 19:15:29 2019,94.0,26.3,0.0
Sun Mar  3 19:15:29 2019,94.0,26.3,0.0
Sun Mar  3 19:15:30 2019,94.0,26.3,0.0
Sun Mar  3 19:15:31 2019,94.0,26.3,0.0
Sun Mar  3 19:15:34 2019,94.0,26.3,0.0
Sun Mar  3 19:15:34 2019,94.0,26.3,0.0
Sun Mar  3 19:15:35 2019,93.0,26.3,0.0
Sun Mar  3 19:15:35 2019,93.0,26.3,0.0
Sun Mar  3 19:15:36 2019,93.0,26.3,0.0
Sun Mar  3 19:15:37 2019,93.0,26.3,0.0
Sun Mar  3 19:15:37 2019,93.0,26.3,0.0
Sun Mar  3 19:15:38 2019,93.0,26.3,0.0
Sun Mar  3 19:15:38 2019,93.0,26.3,0.0
Sun Mar  3 19:15:39 2019,93.0,26.3,0.0
Sun Mar  3 19:15:40 2019,93.0,26.3,0.0
Sun Mar  3 19:15:43 2019,93.0,26.3,0.0
Sun Mar  3 19:15:43 2019,93.0,26.3,0.0
Sun Mar  3 19:15:44 2019,93.0,26.3,0.0
Sun Mar  3 19:15:45 2019,93.0,26.3,0.0
Sun Mar  3 19:15:45 2019,94.0,26.3,0.0
Sun Mar  3 19:15:46 2019,93.0,26.3,0.0
Sun Mar  3 19:15:46 2019,93.0,26.3,0.0
Sun Mar  3 19:15:47 2019,93.0,26.3,0.0
Sun Mar  3 19:15:47 2019,93.0,26.3,0.0
Sun Mar  3 19:15:48 2019,93.0,26.3,0.0
Sun Mar  3 19:15:49 2019,93.0,26.3,0.0
Sun Mar  3 19:15:49 2019,93.0,26.3,0.0
Sun Mar  3 19:15:50 2019,93.0,26.3,0.0
Sun Mar  3 19:15:51 2019,93.0,26.3,0.0
Sun Mar  3 19:15:54 2019,93.0,26.3,0.0
Sun Mar  3 19:15:54 2019,93.0,26.3,0.0
Sun Mar  3 19:15:55 2019,93.0,26.3,0.0
Sun Mar  3 19:15:56 2019,93.0,26.3,0.0
Sun Mar  3 19:15:57 2019,93.0,26.3,0.0
Sun Mar  3 19:15:57 2019,93.0,26.3,0.0
Sun Mar  3 19:15:58 2019,93.0,26.3,0.0
Sun Mar  3 19:16:01 2019,93.0,26.3,0.0
Sun Mar  3 19:16:01 2019,93.0,26.3,0.0
Sun Mar  3 19:16:02 2019,93.0,26.3,0.0
Sun Mar  3 19:16:03 2019,93.0,26.3,0.0
Sun Mar  3 19:16:03 2019,93.0,26.3,0.0
Sun Mar  3 19:16:06 2019,93.0,26.3,0.0
Sun Mar  3 19:16:07 2019,93.0,26.3,0.0
Sun Mar  3 19:16:08 2019,93.0,26.3,0.0
Sun Mar  3 19:16:08 2019,93.0,26.3,0.0
Sun Mar  3 19:16:09 2019,93.0,26.3,0.0
Sun Mar  3 19:16:12 2019,93.0,26.3,0.0
Sun Mar  3 19:16:15 2019,93.0,26.3,0.0
Sun Mar  3 19:16:16 2019,93.0,26.3,0.0
Sun Mar  3 19:16:16 2019,93.0,26.3,0.0
Sun Mar  3 19:16:19 2019,93.0,26.3,0.0
Sun Mar  3 19:16:20 2019,94.0,26.3,0.0
Sun Mar  3 19:16:21 2019,93.0,26.3,0.0
Sun Mar  3 19:16:21 2019,93.0,26.2,0.0
Sun Mar  3 19:16:22 2019,93.0,26.3,0.0
Sun Mar  3 19:16:22 2019,93.0,26.3,0.0
Sun Mar  3 19:16:23 2019,93.0,26.3,0.0
Sun Mar  3 19:16:23 2019,93.0,26.3,0.0
Sun Mar  3 19:16:24 2019,93.0,26.3,0.0
Sun Mar  3 19:16:25 2019,93.0,26.3,0.0
Sun Mar  3 19:16:25 2019,93.0,26.3,0.0
Sun Mar  3 19:16:26 2019,93.0,26.3,0.0
Sun Mar  3 19:16:26 2019,93.0,26.3,0.0
Sun Mar  3 19:16:27 2019,93.0,26.3,0.0
Sun Mar  3 19:16:28 2019,93.0,26.3,0.0
Sun Mar  3 19:16:31 2019,93.0,26.3,0.0
Sun Mar  3 19:16:31 2019,94.0,26.3,0.0
Sun Mar  3 19:16:32 2019,94.0,26.3,0.0
Sun Mar  3 19:16:33 2019,93.0,26.2,0.0
Sun Mar  3 19:16:33 2019,94.0,26.3,0.0
Sun Mar  3 19:16:34 2019,94.0,26.3,0.0
Sun Mar  3 19:16:34 2019,94.0,26.3,0.0
Sun Mar  3 19:16:35 2019,94.0,26.3,0.0
Sun Mar  3 19:16:35 2019,94.0,26.3,0.0
Sun Mar  3 19:16:36 2019,93.0,26.2,0.0
Sun Mar  3 19:16:37 2019,93.0,26.2,0.0
Sun Mar  3 19:16:40 2019,94.0,26.3,0.0
Sun Mar  3 19:16:40 2019,94.0,26.3,0.0
Sun Mar  3 19:16:41 2019,94.0,26.3,0.0
Sun Mar  3 19:16:42 2019,94.0,26.3,0.0
Sun Mar  3 19:16:42 2019,94.0,26.3,0.0
Sun Mar  3 19:16:43 2019,94.0,26.3,0.0
Sun Mar  3 19:16:43 2019,94.0,26.3,0.0
Sun Mar  3 19:16:49 2019,94.0,26.3,0.0
Sun Mar  3 19:16:50 2019,94.0,26.3,0.0
Sun Mar  3 19:16:50 2019,94.0,26.3,0.0
Sun Mar  3 19:16:51 2019,94.0,26.3,0.0
Sun Mar  3 19:16:51 2019,94.0,26.3,0.0
Sun Mar  3 19:16:52 2019,94.0,26.3,0.0
Sun Mar  3 19:16:53 2019,94.0,26.3,0.0
Sun Mar  3 19:16:53 2019,94.0,26.3,0.0
Sun Mar  3 19:16:54 2019,94.0,26.3,0.0
Sun Mar  3 19:16:54 2019,94.0,26.3,0.0
Sun Mar  3 19:16:55 2019,94.0,26.3,0.0
Sun Mar  3 19:16:56 2019,94.0,26.3,0.0
Sun Mar  3 19:16:56 2019,94.0,26.3,0.0
Sun Mar  3 19:16:57 2019,94.0,26.3,0.0
Sun Mar  3 19:17:00 2019,94.0,26.3,0.0
Sun Mar  3 19:17:01 2019,94.0,26.3,0.0
Sun Mar  3 19:17:01 2019,94.0,26.3,0.0
Sun Mar  3 19:17:02 2019,94.0,26.2,0.0
Sun Mar  3 19:17:02 2019,94.0,26.3,0.0
Sun Mar  3 19:17:03 2019,94.0,26.3,0.0
Sun Mar  3 19:17:04 2019,94.0,26.3,0.0
Sun Mar  3 19:17:04 2019,94.0,26.3,0.0
Sun Mar  3 19:17:05 2019,94.0,26.3,0.0
Sun Mar  3 19:17:05 2019,94.0,26.3,0.0
Sun Mar  3 19:17:06 2019,94.0,26.3,0.0
Sun Mar  3 19:17:07 2019,94.0,26.3,0.0
Sun Mar  3 19:17:07 2019,94.0,26.3,0.0
Sun Mar  3 19:17:08 2019,94.0,26.3,0.0
Sun Mar  3 19:17:08 2019,94.0,26.3,0.0
Sun Mar  3 19:17:09 2019,94.0,26.3,0.0
Sun Mar  3 19:17:09 2019,94.0,26.3,0.0
Sun Mar  3 19:17:13 2019,94.0,26.3,0.0
Sun Mar  3 19:17:13 2019,94.0,26.3,0.0
Sun Mar  3 19:17:14 2019,94.0,26.3,0.0
Sun Mar  3 19:17:14 2019,94.0,26.3,0.0
Sun Mar  3 19:17:15 2019,94.0,26.3,0.0
Sun Mar  3 19:17:16 2019,94.0,26.3,0.0
Sun Mar  3 19:17:16 2019,94.0,26.3,0.0
Sun Mar  3 19:17:17 2019,94.0,26.3,0.0
Sun Mar  3 19:17:17 2019,94.0,26.3,0.0
Sun Mar  3 19:17:18 2019,94.0,26.3,0.0
Sun Mar  3 19:17:19 2019,94.0,26.3,0.0
Sun Mar  3 19:17:19 2019,94.0,26.3,0.0
Sun Mar  3 19:17:20 2019,94.0,26.3,0.0
Sun Mar  3 19:17:20 2019,94.0,26.3,0.0
Sun Mar  3 19:17:21 2019,94.0,26.3,0.0
Sun Mar  3 19:17:22 2019,94.0,26.3,0.0
Sun Mar  3 19:17:22 2019,94.0,26.2,0.0
Sun Mar  3 19:17:23 2019,94.0,26.3,0.0
Sun Mar  3 19:17:23 2019,94.0,26.3,0.0
Sun Mar  3 19:17:24 2019,94.0,26.3,0.0
Sun Mar  3 19:17:24 2019,94.0,26.3,0.0
Sun Mar  3 19:17:25 2019,94.0,26.3,0.0
Sun Mar  3 19:17:26 2019,94.0,26.3,0.0
Sun Mar  3 19:17:29 2019,94.0,26.3,0.0
Sun Mar  3 19:17:29 2019,94.0,26.3,0.0
Sun Mar  3 19:17:30 2019,94.0,26.3,0.0
Sun Mar  3 19:17:33 2019,94.0,26.3,0.0
Sun Mar  3 19:17:34 2019,94.0,26.3,0.0
Sun Mar  3 19:17:34 2019,94.0,26.3,0.0
Sun Mar  3 19:17:35 2019,94.0,26.3,0.0
Sun Mar  3 19:17:35 2019,94.0,26.3,0.0
Sun Mar  3 19:17:39 2019,94.0,26.3,0.0
Sun Mar  3 19:17:39 2019,94.0,26.3,0.0
Sun Mar  3 19:17:40 2019,94.0,26.3,0.0
Sun Mar  3 19:17:40 2019,94.0,26.3,0.0
Sun Mar  3 19:17:41 2019,94.0,26.3,0.0
Sun Mar  3 19:17:42 2019,94.0,26.3,0.0
Sun Mar  3 19:17:42 2019,94.0,26.3,0.0
Sun Mar  3 19:17:43 2019,94.0,26.3,0.0
Sun Mar  3 19:17:43 2019,94.0,26.3,0.0
Sun Mar  3 19:17:47 2019,94.0,26.3,0.0
Sun Mar  3 19:17:47 2019,94.0,26.3,0.0
Sun Mar  3 19:17:48 2019,94.0,26.3,0.0
Sun Mar  3 19:17:48 2019,94.0,26.3,0.0
Sun Mar  3 19:17:49 2019,94.0,26.3,0.0
Sun Mar  3 19:17:50 2019,94.0,26.3,0.0
Sun Mar  3 19:17:50 2019,94.0,26.3,0.0
Sun Mar  3 19:17:51 2019,94.0,26.3,0.0
Sun Mar  3 19:17:54 2019,94.0,26.3,0.0
Sun Mar  3 19:17:54 2019,94.0,26.3,0.0
Sun Mar  3 19:17:55 2019,94.0,26.3,0.0
Sun Mar  3 19:17:58 2019,94.0,26.3,0.0
Sun Mar  3 19:17:59 2019,94.0,26.3,0.0
Sun Mar  3 19:17:59 2019,94.0,26.3,0.0
Sun Mar  3 19:18:00 2019,94.0,26.3,0.0
Sun Mar  3 19:18:01 2019,94.0,26.2,0.0
Sun Mar  3 19:18:01 2019,94.0,26.3,0.0
Sun Mar  3 19:18:02 2019,94.0,26.3,0.0
Sun Mar  3 19:18:05 2019,94.0,26.3,0.0
Sun Mar  3 19:18:06 2019,94.0,26.3,0.0
Sun Mar  3 19:18:06 2019,94.0,26.3,0.0
Sun Mar  3 19:18:07 2019,94.0,26.3,0.0
Sun Mar  3 19:18:08 2019,94.0,26.3,0.0
Sun Mar  3 19:18:08 2019,94.0,26.3,0.0
Sun Mar  3 19:18:09 2019,94.0,26.3,0.0
Sun Mar  3 19:18:09 2019,94.0,26.3,0.0
Sun Mar  3 19:18:10 2019,94.0,26.3,0.0
Sun Mar  3 19:18:11 2019,94.0,26.3,0.0
Sun Mar  3 19:18:11 2019,94.0,26.3,0.0
Sun Mar  3 19:18:12 2019,94.0,26.3,0.0
Sun Mar  3 19:18:12 2019,94.0,26.3,0.0
Sun Mar  3 19:18:13 2019,94.0,26.3,0.0
Sun Mar  3 19:18:14 2019,94.0,26.3,0.0
Sun Mar  3 19:18:14 2019,94.0,26.3,0.0
Sun Mar  3 19:18:15 2019,94.0,26.3,0.0
Sun Mar  3 19:18:15 2019,94.0,26.3,0.0
Sun Mar  3 19:18:16 2019,94.0,26.3,0.0
Sun Mar  3 19:18:17 2019,94.0,26.3,0.0
Sun Mar  3 19:18:17 2019,94.0,26.3,0.0
Sun Mar  3 19:18:18 2019,94.0,26.2,0.0
Sun Mar  3 19:18:18 2019,94.0,26.3,0.0
Sun Mar  3 19:18:22 2019,94.0,26.3,0.0
Sun Mar  3 19:18:22 2019,94.0,26.3,0.0
Sun Mar  3 19:18:23 2019,94.0,26.3,0.0
Sun Mar  3 19:18:23 2019,94.0,26.3,0.0
Sun Mar  3 19:18:24 2019,94.0,26.3,0.0
Sun Mar  3 19:18:25 2019,94.0,26.3,0.0
Sun Mar  3 19:18:25 2019,94.0,26.3,0.0
Sun Mar  3 19:18:31 2019,94.0,26.3,0.0
Sun Mar  3 19:18:31 2019,94.0,26.3,0.0
Sun Mar  3 19:18:32 2019,94.0,26.3,0.0
Sun Mar  3 19:18:33 2019,94.0,26.2,0.0
Sun Mar  3 19:18:33 2019,94.0,26.3,0.0
Sun Mar  3 19:18:34 2019,94.0,26.3,0.0
Sun Mar  3 19:18:34 2019,94.0,26.3,0.0
Sun Mar  3 19:18:35 2019,94.0,26.3,0.0
Sun Mar  3 19:18:36 2019,94.0,26.3,0.0
Sun Mar  3 19:18:36 2019,94.0,26.3,0.0
Sun Mar  3 19:18:37 2019,94.0,26.3,0.0
Sun Mar  3 19:18:37 2019,94.0,26.3,0.0
Sun Mar  3 19:18:38 2019,94.0,26.3,0.0
Sun Mar  3 19:18:39 2019,94.0,26.3,0.0
Sun Mar  3 19:18:39 2019,94.0,26.3,0.0
Sun Mar  3 19:18:42 2019,94.0,26.2,0.0
Sun Mar  3 19:18:43 2019,94.0,26.3,0.0
Sun Mar  3 19:18:43 2019,94.0,26.3,0.0
Sun Mar  3 19:18:44 2019,94.0,26.3,0.0
Sun Mar  3 19:18:45 2019,94.0,26.3,0.0
Sun Mar  3 19:18:45 2019,94.0,26.3,0.0
Sun Mar  3 19:18:46 2019,94.0,26.3,0.0
Sun Mar  3 19:18:46 2019,94.0,26.3,0.0
Sun Mar  3 19:18:47 2019,94.0,26.3,0.0
Sun Mar  3 19:18:48 2019,94.0,26.3,0.0
Sun Mar  3 19:18:51 2019,94.0,26.3,0.0
Sun Mar  3 19:18:51 2019,94.0,26.3,0.0
Sun Mar  3 19:18:52 2019,94.0,26.3,0.0
Sun Mar  3 19:18:53 2019,94.0,26.3,0.0
Sun Mar  3 19:18:53 2019,94.0,26.3,0.0
Sun Mar  3 19:18:54 2019,94.0,26.3,0.0
Sun Mar  3 19:18:54 2019,94.0,26.3,0.0
Sun Mar  3 19:18:55 2019,94.0,26.3,0.0
Sun Mar  3 19:18:56 2019,94.0,26.3,0.0
Sun Mar  3 19:18:59 2019,94.0,26.3,0.0
Sun Mar  3 19:18:59 2019,94.0,26.3,0.0
Sun Mar  3 19:19:00 2019,94.0,26.3,0.0
Sun Mar  3 19:19:03 2019,94.0,26.3,0.0
Sun Mar  3 19:19:04 2019,94.0,26.3,0.0
Sun Mar  3 19:19:04 2019,94.0,26.3,0.0
Sun Mar  3 19:19:05 2019,94.0,26.3,0.0
Sun Mar  3 19:19:05 2019,94.0,26.3,0.0
Sun Mar  3 19:19:09 2019,94.0,26.3,0.0
Sun Mar  3 19:19:09 2019,94.0,26.3,0.0
Sun Mar  3 19:19:10 2019,94.0,26.3,0.0
Sun Mar  3 19:19:10 2019,94.0,26.3,0.0
Sun Mar  3 19:19:11 2019,94.0,26.3,0.0
Sun Mar  3 19:19:12 2019,94.0,26.3,0.0
Sun Mar  3 19:19:12 2019,94.0,26.3,0.0
Sun Mar  3 19:19:13 2019,94.0,26.2,0.0
Sun Mar  3 19:19:13 2019,94.0,26.3,0.0
Sun Mar  3 19:19:16 2019,94.0,26.3,0.0
Sun Mar  3 19:19:17 2019,94.0,26.3,0.0
Sun Mar  3 19:19:18 2019,94.0,26.3,0.0
Sun Mar  3 19:19:18 2019,94.0,26.3,0.0
Sun Mar  3 19:19:19 2019,94.0,26.3,0.0
Sun Mar  3 19:19:22 2019,94.0,26.2,0.0
Sun Mar  3 19:19:23 2019,94.0,26.3,0.0
Sun Mar  3 19:19:23 2019,94.0,26.2,0.0
Sun Mar  3 19:19:24 2019,94.0,26.3,0.0
Sun Mar  3 19:19:24 2019,94.0,26.3,0.0
Sun Mar  3 19:19:25 2019,94.0,26.3,0.0
Sun Mar  3 19:19:25 2019,93.0,26.2,0.0
Sun Mar  3 19:19:26 2019,94.0,26.3,0.0
Sun Mar  3 19:19:27 2019,94.0,26.3,0.0
Sun Mar  3 19:19:27 2019,93.0,26.2,0.0
Sun Mar  3 19:19:28 2019,94.0,26.3,0.0
Sun Mar  3 19:19:28 2019,94.0,26.3,0.0
Sun Mar  3 19:19:29 2019,94.0,26.3,0.0
Sun Mar  3 19:19:32 2019,94.0,26.3,0.0
Sun Mar  3 19:19:33 2019,93.0,26.2,0.0
Sun Mar  3 19:19:33 2019,94.0,26.3,0.0
Sun Mar  3 19:19:34 2019,94.0,26.3,0.0
Sun Mar  3 19:19:37 2019,94.0,26.3,0.0
Sun Mar  3 19:19:40 2019,93.0,26.3,0.0
Sun Mar  3 19:19:41 2019,93.0,26.2,0.0
Sun Mar  3 19:19:41 2019,93.0,26.3,0.0
Sun Mar  3 19:19:42 2019,93.0,26.2,0.0
Sun Mar  3 19:19:43 2019,93.0,26.2,0.0
Sun Mar  3 19:19:43 2019,93.0,26.3,0.0
Sun Mar  3 19:19:44 2019,93.0,26.2,0.0
Sun Mar  3 19:19:44 2019,93.0,26.3,0.0
Sun Mar  3 19:19:45 2019,93.0,26.2,0.0
Sun Mar  3 19:19:46 2019,93.0,26.2,0.0
Sun Mar  3 19:19:46 2019,93.0,26.3,0.0
Sun Mar  3 19:19:47 2019,93.0,26.2,0.0
Sun Mar  3 19:19:47 2019,93.0,26.3,0.0
Sun Mar  3 19:19:48 2019,93.0,26.2,0.0
Sun Mar  3 19:19:49 2019,93.0,26.3,0.0
Sun Mar  3 19:19:49 2019,93.0,26.2,0.0
Sun Mar  3 19:19:52 2019,93.0,26.2,0.0
Sun Mar  3 19:19:53 2019,93.0,26.3,0.0
Sun Mar  3 19:19:54 2019,93.0,26.3,0.0
Sun Mar  3 19:19:54 2019,93.0,26.2,0.0
Sun Mar  3 19:19:55 2019,93.0,26.2,0.0
Sun Mar  3 19:19:55 2019,93.0,26.2,0.0
Sun Mar  3 19:19:56 2019,93.0,26.2,0.0
Sun Mar  3 19:19:57 2019,93.0,26.3,0.0
Sun Mar  3 19:19:57 2019,93.0,26.3,0.0
Sun Mar  3 19:19:58 2019,93.0,26.3,0.0
Sun Mar  3 19:19:58 2019,93.0,26.3,0.0
Sun Mar  3 19:19:59 2019,93.0,26.2,0.0
Sun Mar  3 19:20:00 2019,93.0,26.3,0.0
Sun Mar  3 19:20:03 2019,93.0,26.3,0.0
Sun Mar  3 19:20:03 2019,93.0,26.3,0.0
Sun Mar  3 19:20:04 2019,93.0,26.2,0.0
Sun Mar  3 19:20:04 2019,93.0,26.3,0.0
Sun Mar  3 19:20:05 2019,93.0,26.2,0.0
Sun Mar  3 19:20:06 2019,93.0,26.2,0.0
Sun Mar  3 19:20:06 2019,93.0,26.2,0.0
Sun Mar  3 19:20:07 2019,93.0,26.3,0.0
Sun Mar  3 19:20:07 2019,93.0,26.2,0.0
Sun Mar  3 19:20:08 2019,93.0,26.2,0.0
Sun Mar  3 19:20:09 2019,93.0,26.3,0.0
Sun Mar  3 19:20:09 2019,93.0,26.2,0.0
Sun Mar  3 19:20:10 2019,93.0,26.3,0.0
Sun Mar  3 19:20:13 2019,93.0,26.3,0.0
Sun Mar  3 19:20:14 2019,93.0,26.3,0.0
Sun Mar  3 19:20:14 2019,93.0,26.3,0.0
Sun Mar  3 19:20:15 2019,93.0,26.3,0.0
Sun Mar  3 19:20:15 2019,93.0,26.2,0.0
Sun Mar  3 19:20:16 2019,93.0,26.3,0.0
Sun Mar  3 19:20:17 2019,93.0,26.3,0.0
Sun Mar  3 19:20:17 2019,93.0,26.2,0.0
Sun Mar  3 19:20:18 2019,93.0,26.2,0.0
Sun Mar  3 19:20:18 2019,93.0,26.2,0.0
Sun Mar  3 19:20:19 2019,93.0,26.3,0.0
Sun Mar  3 19:20:22 2019,93.0,26.3,0.0
Sun Mar  3 19:20:23 2019,93.0,26.3,0.0
Sun Mar  3 19:20:23 2019,93.0,26.3,0.0
Sun Mar  3 19:20:24 2019,93.0,26.2,0.0
Sun Mar  3 19:20:25 2019,93.0,26.2,0.0
Sun Mar  3 19:20:25 2019,93.0,26.2,0.0
Sun Mar  3 19:20:26 2019,93.0,26.2,0.0
Sun Mar  3 19:20:26 2019,93.0,26.3,0.0
Sun Mar  3 19:20:27 2019,93.0,26.3,0.0
Sun Mar  3 19:20:27 2019,93.0,26.2,0.0
Sun Mar  3 19:20:28 2019,93.0,26.2,0.0
Sun Mar  3 19:20:29 2019,93.0,26.2,0.0
Sun Mar  3 19:20:29 2019,93.0,26.2,0.0
Sun Mar  3 19:20:30 2019,93.0,26.3,0.0
Sun Mar  3 19:20:33 2019,93.0,26.2,0.0
Sun Mar  3 19:20:34 2019,94.0,26.3,0.0
Sun Mar  3 19:20:37 2019,94.0,26.3,0.0
Sun Mar  3 19:20:37 2019,94.0,26.2,0.0
Sun Mar  3 19:20:38 2019,94.0,26.2,0.0
Sun Mar  3 19:20:39 2019,94.0,26.3,0.0
Sun Mar  3 19:20:39 2019,94.0,26.2,0.0
Sun Mar  3 19:20:40 2019,94.0,26.2,0.0
Sun Mar  3 19:20:40 2019,94.0,26.2,0.0
Sun Mar  3 19:20:41 2019,94.0,26.2,0.0
Sun Mar  3 19:20:41 2019,94.0,26.3,0.0
Sun Mar  3 19:20:42 2019,94.0,26.3,0.0
Sun Mar  3 19:20:43 2019,94.0,26.3,0.0
Sun Mar  3 19:20:43 2019,94.0,26.2,0.0
Sun Mar  3 19:20:44 2019,94.0,26.3,0.0
Sun Mar  3 19:20:47 2019,94.0,26.3,0.0
Sun Mar  3 19:20:48 2019,94.0,26.3,0.0
Sun Mar  3 19:20:48 2019,94.0,26.3,0.0
Sun Mar  3 19:20:49 2019,94.0,26.3,0.0
Sun Mar  3 19:20:49 2019,94.0,26.3,0.0
Sun Mar  3 19:20:50 2019,94.0,26.3,0.0
Sun Mar  3 19:20:51 2019,94.0,26.3,0.0
Sun Mar  3 19:20:51 2019,94.0,26.3,0.0
Sun Mar  3 19:20:52 2019,94.0,26.3,0.0
Sun Mar  3 19:20:55 2019,94.0,26.3,0.0
Sun Mar  3 19:20:55 2019,94.0,26.2,0.0
Sun Mar  3 19:20:56 2019,94.0,26.3,0.0
Sun Mar  3 19:20:57 2019,94.0,26.3,0.0
Sun Mar  3 19:20:57 2019,94.0,26.3,0.0
Sun Mar  3 19:20:58 2019,94.0,26.2,0.0
Sun Mar  3 19:20:58 2019,94.0,26.2,0.0
Sun Mar  3 19:20:59 2019,94.0,26.3,0.0
Sun Mar  3 19:21:00 2019,94.0,26.3,0.0
Sun Mar  3 19:21:00 2019,94.0,26.3,0.0
Sun Mar  3 19:21:01 2019,94.0,26.3,0.0
Sun Mar  3 19:21:01 2019,94.0,26.2,0.0
Sun Mar  3 19:21:02 2019,94.0,26.2,0.0
Sun Mar  3 19:21:03 2019,94.0,26.2,0.0
Sun Mar  3 19:21:03 2019,94.0,26.3,0.0
Sun Mar  3 19:21:04 2019,94.0,26.3,0.0
Sun Mar  3 19:21:04 2019,94.0,26.2,0.0
Sun Mar  3 19:21:05 2019,94.0,26.3,0.0
Sun Mar  3 19:21:06 2019,94.0,26.3,0.0
Sun Mar  3 19:21:06 2019,94.0,26.3,0.0
Sun Mar  3 19:21:07 2019,94.0,26.3,0.0
Sun Mar  3 19:21:07 2019,94.0,26.2,0.0
Sun Mar  3 19:21:08 2019,94.0,26.3,0.0
Sun Mar  3 19:21:11 2019,94.0,26.2,0.0
Sun Mar  3 19:21:12 2019,94.0,26.3,0.0
Sun Mar  3 19:21:12 2019,94.0,26.3,0.0
Sun Mar  3 19:21:13 2019,94.0,26.3,0.0
Sun Mar  3 19:21:13 2019,94.0,26.3,0.0
Sun Mar  3 19:21:14 2019,94.0,26.3,0.0
Sun Mar  3 19:21:15 2019,94.0,26.2,0.0
Sun Mar  3 19:21:15 2019,94.0,26.3,0.0
Sun Mar  3 19:21:16 2019,94.0,26.3,0.0
Sun Mar  3 19:21:16 2019,94.0,26.3,0.0
Sun Mar  3 19:21:17 2019,94.0,26.3,0.0
Sun Mar  3 19:21:18 2019,94.0,26.3,0.0
Sun Mar  3 19:21:18 2019,94.0,26.2,0.0
Sun Mar  3 19:21:19 2019,94.0,26.3,0.0
Sun Mar  3 19:21:19 2019,94.0,26.3,0.0
Sun Mar  3 19:21:20 2019,94.0,26.3,0.0
Sun Mar  3 19:21:21 2019,94.0,26.3,0.0
Sun Mar  3 19:21:21 2019,94.0,26.2,0.0
Sun Mar  3 19:21:22 2019,94.0,26.3,0.0
Sun Mar  3 19:21:22 2019,94.0,26.3,0.0
Sun Mar  3 19:21:23 2019,94.0,26.3,0.0
Sun Mar  3 19:21:24 2019,94.0,26.3,0.0
Sun Mar  3 19:21:24 2019,94.0,26.3,0.0
Sun Mar  3 19:21:25 2019,94.0,26.3,0.0
Sun Mar  3 19:21:25 2019,94.0,26.3,0.0
Sun Mar  3 19:21:26 2019,94.0,26.3,0.0
Sun Mar  3 19:21:27 2019,94.0,26.3,0.0
Sun Mar  3 19:21:27 2019,94.0,26.3,0.0
Sun Mar  3 19:21:28 2019,94.0,26.3,0.0
Sun Mar  3 19:21:28 2019,94.0,26.3,0.0
Sun Mar  3 19:21:29 2019,94.0,26.3,0.0
Sun Mar  3 19:21:30 2019,94.0,26.3,0.0
Sun Mar  3 19:21:30 2019,94.0,26.3,0.0
Sun Mar  3 19:21:31 2019,94.0,26.3,0.0
Sun Mar  3 19:21:31 2019,94.0,26.3,0.0
Sun Mar  3 19:21:32 2019,94.0,26.3,0.0
Sun Mar  3 19:21:33 2019,94.0,26.3,0.0
Sun Mar  3 19:21:33 2019,94.0,26.3,0.0
Sun Mar  3 19:21:34 2019,94.0,26.3,0.0
Sun Mar  3 19:21:37 2019,94.0,26.3,0.0
Sun Mar  3 19:21:40 2019,94.0,26.3,0.0
Sun Mar  3 19:21:41 2019,94.0,26.3,0.0
Sun Mar  3 19:21:41 2019,94.0,26.3,0.0
Sun Mar  3 19:21:42 2019,94.0,26.2,0.0
Sun Mar  3 19:21:42 2019,94.0,26.3,0.0
Sun Mar  3 19:21:43 2019,94.0,26.3,0.0
Sun Mar  3 19:21:44 2019,94.0,26.3,0.0
Sun Mar  3 19:21:44 2019,94.0,26.3,0.0
Sun Mar  3 19:21:45 2019,94.0,26.3,0.0
Sun Mar  3 19:21:45 2019,94.0,26.3,0.0
Sun Mar  3 19:21:46 2019,94.0,26.3,0.0
Sun Mar  3 19:21:47 2019,94.0,26.3,0.0
Sun Mar  3 19:21:47 2019,94.0,26.3,0.0
Sun Mar  3 19:21:48 2019,94.0,26.3,0.0
Sun Mar  3 19:21:48 2019,94.0,26.3,0.0
Sun Mar  3 19:21:49 2019,94.0,26.3,0.0
Sun Mar  3 19:21:50 2019,94.0,26.3,0.0
Sun Mar  3 19:21:50 2019,94.0,26.3,0.0
Sun Mar  3 19:21:51 2019,94.0,26.3,0.0
Sun Mar  3 19:21:51 2019,94.0,26.3,0.0
Sun Mar  3 19:21:52 2019,94.0,26.3,0.0
Sun Mar  3 19:21:53 2019,94.0,26.3,0.0
Sun Mar  3 19:21:53 2019,94.0,26.3,0.0
Sun Mar  3 19:21:54 2019,94.0,26.3,0.0
Sun Mar  3 19:21:54 2019,94.0,26.3,0.0
Sun Mar  3 19:21:55 2019,94.0,26.3,0.0
Sun Mar  3 19:21:55 2019,94.0,26.3,0.0
Sun Mar  3 19:21:56 2019,94.0,26.3,0.0
Sun Mar  3 19:21:57 2019,94.0,26.2,0.0
Sun Mar  3 19:21:57 2019,94.0,26.3,0.0
Sun Mar  3 19:21:58 2019,94.0,26.3,0.0
Sun Mar  3 19:21:59 2019,94.0,26.3,0.0
Sun Mar  3 19:21:59 2019,94.0,26.3,0.0
Sun Mar  3 19:22:00 2019,94.0,26.2,0.0
Sun Mar  3 19:22:00 2019,94.0,26.3,0.0
Sun Mar  3 19:22:01 2019,94.0,26.3,0.0
Sun Mar  3 19:22:01 2019,94.0,26.3,0.0
Sun Mar  3 19:22:02 2019,94.0,26.3,0.0
Sun Mar  3 19:22:03 2019,94.0,26.3,0.0
Sun Mar  3 19:22:03 2019,94.0,26.3,0.0
Sun Mar  3 19:22:04 2019,94.0,26.3,0.0
Sun Mar  3 19:22:05 2019,94.0,26.2,0.0
Sun Mar  3 19:22:05 2019,94.0,26.3,0.0
Sun Mar  3 19:22:06 2019,94.0,26.3,0.0
Sun Mar  3 19:22:06 2019,94.0,26.3,0.0
Sun Mar  3 19:22:07 2019,94.0,26.2,0.0
Sun Mar  3 19:22:07 2019,94.0,26.3,0.0
Sun Mar  3 19:22:08 2019,94.0,26.3,0.0
Sun Mar  3 19:22:09 2019,94.0,26.3,0.0
Sun Mar  3 19:22:09 2019,94.0,26.3,0.0
Sun Mar  3 19:22:12 2019,94.0,26.3,0.0
Sun Mar  3 19:22:13 2019,94.0,26.3,0.0
Sun Mar  3 19:22:14 2019,94.0,26.3,0.0
Sun Mar  3 19:22:14 2019,94.0,26.3,0.0
Sun Mar  3 19:22:15 2019,94.0,26.3,0.0
Sun Mar  3 19:22:15 2019,94.0,26.3,0.0
Sun Mar  3 19:22:16 2019,94.0,26.3,0.0
Sun Mar  3 19:22:17 2019,94.0,26.3,0.0
Sun Mar  3 19:22:17 2019,94.0,26.3,0.0
Sun Mar  3 19:22:18 2019,94.0,26.3,0.0
Sun Mar  3 19:22:19 2019,94.0,26.3,0.0
Sun Mar  3 19:22:19 2019,94.0,26.3,0.0
Sun Mar  3 19:22:20 2019,94.0,26.2,0.0
Sun Mar  3 19:22:20 2019,94.0,26.3,0.0
Sun Mar  3 19:22:21 2019,94.0,26.3,0.0
Sun Mar  3 19:22:22 2019,94.0,26.3,0.0
Sun Mar  3 19:22:22 2019,94.0,26.2,0.0
Sun Mar  3 19:22:23 2019,94.0,26.3,0.0
Sun Mar  3 19:22:23 2019,94.0,26.2,0.0
Sun Mar  3 19:22:24 2019,94.0,26.3,0.0
Sun Mar  3 19:22:25 2019,94.0,26.3,0.0
Sun Mar  3 19:22:25 2019,94.0,26.3,0.0
Sun Mar  3 19:22:26 2019,94.0,26.3,0.0
Sun Mar  3 19:22:26 2019,94.0,26.3,0.0
Sun Mar  3 19:22:27 2019,94.0,26.3,0.0
Sun Mar  3 19:22:28 2019,94.0,26.3,0.0
Sun Mar  3 19:22:28 2019,94.0,26.3,0.0
Sun Mar  3 19:22:29 2019,94.0,26.3,0.0
Sun Mar  3 19:22:29 2019,94.0,26.3,0.0
Sun Mar  3 19:22:30 2019,94.0,26.3,0.0
Sun Mar  3 19:22:31 2019,94.0,26.3,0.0
Sun Mar  3 19:22:31 2019,94.0,26.3,0.0
Sun Mar  3 19:22:32 2019,94.0,26.3,0.0
Sun Mar  3 19:22:32 2019,94.0,26.3,0.0
Sun Mar  3 19:22:33 2019,94.0,26.3,0.0
Sun Mar  3 19:22:33 2019,94.0,26.3,0.0
Sun Mar  3 19:22:34 2019,94.0,26.3,0.0
Sun Mar  3 19:22:35 2019,94.0,26.3,0.0
Sun Mar  3 19:22:35 2019,94.0,26.3,0.0
Sun Mar  3 19:22:36 2019,94.0,26.3,0.0
Sun Mar  3 19:22:36 2019,94.0,26.3,0.0
Sun Mar  3 19:22:37 2019,94.0,26.3,0.0
Sun Mar  3 19:22:38 2019,94.0,26.3,0.0
Sun Mar  3 19:22:38 2019,94.0,26.3,0.0
Sun Mar  3 19:22:39 2019,94.0,26.3,0.0
Sun Mar  3 19:22:39 2019,94.0,26.3,0.0
Sun Mar  3 19:22:40 2019,94.0,26.3,0.0
Sun Mar  3 19:22:41 2019,94.0,26.3,0.0
Sun Mar  3 19:22:44 2019,94.0,26.3,0.0
Sun Mar  3 19:22:44 2019,94.0,26.3,0.0
Sun Mar  3 19:22:45 2019,94.0,26.3,0.0
Sun Mar  3 19:22:48 2019,94.0,26.3,0.0
Sun Mar  3 19:22:49 2019,94.0,26.3,0.0
Sun Mar  3 19:22:49 2019,94.0,26.3,0.0
Sun Mar  3 19:22:50 2019,94.0,26.3,0.0
Sun Mar  3 19:22:51 2019,94.0,26.3,0.0
Sun Mar  3 19:22:51 2019,94.0,26.3,0.0
Sun Mar  3 19:22:52 2019,94.0,26.3,0.0
Sun Mar  3 19:22:52 2019,94.0,26.3,0.0
Sun Mar  3 19:22:53 2019,94.0,26.3,0.0
Sun Mar  3 19:22:54 2019,94.0,26.3,0.0
Sun Mar  3 19:22:54 2019,94.0,26.3,0.0
Sun Mar  3 19:22:55 2019,94.0,26.3,0.0
Sun Mar  3 19:22:55 2019,94.0,26.3,0.0
Sun Mar  3 19:22:56 2019,94.0,26.3,0.0
Sun Mar  3 19:22:57 2019,94.0,26.3,0.0
Sun Mar  3 19:22:57 2019,94.0,26.3,0.0
Sun Mar  3 19:22:58 2019,94.0,26.3,0.0
Sun Mar  3 19:22:58 2019,94.0,26.3,0.0
Sun Mar  3 19:22:59 2019,94.0,26.3,0.0
Sun Mar  3 19:23:00 2019,94.0,26.3,0.0
Sun Mar  3 19:23:00 2019,94.0,26.3,0.0
Sun Mar  3 19:23:01 2019,94.0,26.3,0.0
Sun Mar  3 19:23:01 2019,94.0,26.3,0.0
Sun Mar  3 19:23:04 2019,94.0,26.3,0.0
Sun Mar  3 19:23:05 2019,94.0,26.3,0.0
Sun Mar  3 19:23:06 2019,94.0,26.3,0.0
Sun Mar  3 19:23:06 2019,94.0,26.3,0.0
Sun Mar  3 19:23:07 2019,94.0,26.3,0.0
Sun Mar  3 19:23:08 2019,94.0,26.3,0.0
Sun Mar  3 19:23:08 2019,94.0,26.3,0.0
Sun Mar  3 19:23:09 2019,94.0,26.3,0.0
Sun Mar  3 19:23:09 2019,94.0,26.3,0.0
Sun Mar  3 19:23:10 2019,94.0,26.3,0.0
Sun Mar  3 19:23:10 2019,94.0,26.3,0.0
Sun Mar  3 19:23:11 2019,94.0,26.3,0.0
Sun Mar  3 19:23:12 2019,94.0,26.3,0.0
Sun Mar  3 19:23:15 2019,94.0,26.3,0.0
Sun Mar  3 19:23:18 2019,93.0,26.3,0.0
Sun Mar  3 19:23:21 2019,93.0,26.3,0.0
Sun Mar  3 19:23:22 2019,94.0,26.3,0.0
Sun Mar  3 19:23:22 2019,93.0,26.3,0.0
Sun Mar  3 19:23:23 2019,93.0,26.3,0.0
Sun Mar  3 19:23:24 2019,93.0,26.3,0.0
Sun Mar  3 19:23:24 2019,93.0,26.3,0.0
Sun Mar  3 19:23:25 2019,93.0,26.3,0.0
Sun Mar  3 19:23:25 2019,93.0,26.3,0.0
Sun Mar  3 19:23:26 2019,93.0,26.3,0.0
Sun Mar  3 19:23:27 2019,93.0,26.2,0.0
Sun Mar  3 19:23:28 2019,93.0,26.3,0.0
Sun Mar  3 19:23:31 2019,93.0,26.3,0.0
Sun Mar  3 19:23:31 2019,93.0,26.3,0.0
Sun Mar  3 19:23:32 2019,93.0,26.3,0.0
Sun Mar  3 19:23:33 2019,93.0,26.3,0.0
Sun Mar  3 19:23:33 2019,93.0,26.3,0.0
Sun Mar  3 19:23:36 2019,93.0,26.3,0.0
Sun Mar  3 19:23:37 2019,93.0,26.3,0.0
Sun Mar  3 19:23:38 2019,93.0,26.3,0.0
Sun Mar  3 19:23:41 2019,93.0,26.3,0.0
Sun Mar  3 19:23:41 2019,93.0,26.3,0.0
Sun Mar  3 19:23:42 2019,93.0,26.3,0.0
Sun Mar  3 19:23:42 2019,93.0,26.3,0.0
Sun Mar  3 19:23:43 2019,93.0,26.3,0.0
Sun Mar  3 19:23:44 2019,93.0,26.3,0.0
Sun Mar  3 19:23:44 2019,93.0,26.3,0.0
Sun Mar  3 19:23:45 2019,93.0,26.2,0.0
Sun Mar  3 19:23:45 2019,93.0,26.3,0.0
Sun Mar  3 19:23:46 2019,93.0,26.3,0.0
Sun Mar  3 19:23:47 2019,93.0,26.3,0.0
Sun Mar  3 19:23:47 2019,93.0,26.2,0.0
Sun Mar  3 19:23:48 2019,93.0,26.3,0.0
Sun Mar  3 19:23:48 2019,93.0,26.3,0.0
Sun Mar  3 19:23:49 2019,93.0,26.2,0.0
Sun Mar  3 19:23:50 2019,93.0,26.3,0.0
Sun Mar  3 19:23:50 2019,93.0,26.3,0.0
Sun Mar  3 19:23:51 2019,93.0,26.3,0.0
Sun Mar  3 19:23:51 2019,93.0,26.3,0.0
Sun Mar  3 19:23:52 2019,93.0,26.3,0.0
Sun Mar  3 19:23:53 2019,93.0,26.3,0.0
Sun Mar  3 19:23:53 2019,93.0,26.3,0.0
Sun Mar  3 19:23:54 2019,93.0,26.3,0.0
Sun Mar  3 19:23:54 2019,93.0,26.2,0.0
Sun Mar  3 19:23:55 2019,93.0,26.3,0.0
Sun Mar  3 19:23:56 2019,93.0,26.2,0.0
Sun Mar  3 19:23:59 2019,93.0,26.3,0.0
Sun Mar  3 19:23:59 2019,93.0,26.3,0.0
Sun Mar  3 19:24:00 2019,93.0,26.3,0.0
Sun Mar  3 19:24:03 2019,93.0,26.3,0.0
Sun Mar  3 19:24:04 2019,93.0,26.3,0.0
Sun Mar  3 19:24:04 2019,93.0,26.3,0.0
Sun Mar  3 19:24:07 2019,93.0,26.3,0.0
Sun Mar  3 19:24:08 2019,93.0,26.3,0.0
Sun Mar  3 19:24:09 2019,93.0,26.3,0.0
Sun Mar  3 19:24:09 2019,93.0,26.3,0.0
Sun Mar  3 19:24:10 2019,93.0,26.3,0.0
Sun Mar  3 19:24:10 2019,93.0,26.3,0.0
Sun Mar  3 19:24:11 2019,93.0,26.3,0.0
Sun Mar  3 19:24:12 2019,93.0,26.3,0.0
Sun Mar  3 19:24:12 2019,93.0,26.3,0.0
Sun Mar  3 19:24:13 2019,93.0,26.3,0.0
Sun Mar  3 19:24:13 2019,93.0,26.3,0.0
Sun Mar  3 19:24:14 2019,93.0,26.3,0.0
Sun Mar  3 19:24:15 2019,93.0,26.3,0.0
Sun Mar  3 19:24:15 2019,93.0,26.3,0.0
Sun Mar  3 19:24:16 2019,93.0,26.2,0.0
Sun Mar  3 19:24:16 2019,93.0,26.3,0.0
Sun Mar  3 19:24:17 2019,93.0,26.3,0.0
Sun Mar  3 19:24:17 2019,93.0,26.2,0.0
Sun Mar  3 19:24:18 2019,93.0,26.3,0.0
Sun Mar  3 19:24:19 2019,93.0,26.3,0.0
Sun Mar  3 19:24:19 2019,93.0,26.3,0.0
Sun Mar  3 19:24:20 2019,93.0,26.3,0.0
Sun Mar  3 19:24:20 2019,93.0,26.3,0.0
Sun Mar  3 19:24:21 2019,93.0,26.3,0.0
Sun Mar  3 19:24:22 2019,93.0,26.3,0.0
Sun Mar  3 19:24:22 2019,93.0,26.3,0.0
Sun Mar  3 19:24:23 2019,93.0,26.3,0.0
Sun Mar  3 19:24:23 2019,93.0,26.3,0.0
Sun Mar  3 19:24:24 2019,93.0,26.3,0.0
Sun Mar  3 19:24:27 2019,93.0,26.3,0.0
Sun Mar  3 19:24:28 2019,93.0,26.3,0.0
Sun Mar  3 19:24:28 2019,93.0,26.3,0.0
Sun Mar  3 19:24:29 2019,93.0,26.3,0.0
Sun Mar  3 19:24:29 2019,93.0,26.3,0.0
Sun Mar  3 19:24:30 2019,93.0,26.3,0.0
Sun Mar  3 19:24:31 2019,93.0,26.3,0.0
Sun Mar  3 19:24:34 2019,93.0,26.3,0.0
Sun Mar  3 19:24:34 2019,93.0,26.3,0.0
Sun Mar  3 19:24:35 2019,93.0,26.3,0.0
Sun Mar  3 19:24:36 2019,93.0,26.3,0.0
Sun Mar  3 19:24:36 2019,93.0,26.3,0.0
Sun Mar  3 19:24:37 2019,93.0,26.3,0.0
Sun Mar  3 19:24:37 2019,93.0,26.3,0.0
Sun Mar  3 19:24:38 2019,93.0,26.3,0.0
Sun Mar  3 19:24:39 2019,93.0,26.3,0.0
Sun Mar  3 19:24:39 2019,93.0,26.3,0.0
Sun Mar  3 19:24:40 2019,93.0,26.3,0.0
Sun Mar  3 19:24:40 2019,93.0,26.3,0.0
Sun Mar  3 19:24:41 2019,93.0,26.3,0.0
Sun Mar  3 19:24:42 2019,93.0,26.3,0.0
Sun Mar  3 19:24:42 2019,93.0,26.3,0.0
Sun Mar  3 19:24:43 2019,93.0,26.3,0.0
Sun Mar  3 19:24:43 2019,93.0,26.3,0.0
Sun Mar  3 19:24:44 2019,93.0,26.3,0.0
Sun Mar  3 19:24:45 2019,93.0,26.2,0.0
Sun Mar  3 19:24:45 2019,93.0,26.3,0.0
Sun Mar  3 19:24:46 2019,93.0,26.3,0.0
Sun Mar  3 19:24:47 2019,93.0,26.3,0.0
Sun Mar  3 19:24:47 2019,93.0,26.3,0.0
Sun Mar  3 19:24:48 2019,93.0,26.2,0.0
Sun Mar  3 19:24:48 2019,93.0,26.3,0.0
Sun Mar  3 19:24:49 2019,93.0,26.3,0.0
Sun Mar  3 19:24:50 2019,93.0,26.2,0.0
Sun Mar  3 19:24:50 2019,93.0,26.3,0.0
Sun Mar  3 19:24:51 2019,93.0,26.2,0.0
Sun Mar  3 19:24:51 2019,93.0,26.3,0.0
Sun Mar  3 19:24:52 2019,93.0,26.3,0.0
Sun Mar  3 19:24:53 2019,93.0,26.3,0.0
Sun Mar  3 19:24:53 2019,93.0,26.3,0.0
Sun Mar  3 19:24:54 2019,93.0,26.3,0.0
Sun Mar  3 19:24:54 2019,93.0,26.2,0.0
Sun Mar  3 19:24:55 2019,93.0,26.3,0.0
Sun Mar  3 19:24:56 2019,93.0,26.3,0.0
Sun Mar  3 19:24:56 2019,93.0,26.3,0.0
Sun Mar  3 19:24:57 2019,93.0,26.3,0.0
Sun Mar  3 19:24:57 2019,93.0,26.3,0.0
Sun Mar  3 19:24:58 2019,93.0,26.3,0.0
Sun Mar  3 19:24:59 2019,93.0,26.3,0.0
Sun Mar  3 19:24:59 2019,93.0,26.3,0.0
Sun Mar  3 19:25:00 2019,93.0,26.3,0.0
Sun Mar  3 19:25:00 2019,93.0,26.3,0.0
Sun Mar  3 19:25:03 2019,93.0,26.3,0.0
Sun Mar  3 19:25:04 2019,93.0,26.3,0.0
Sun Mar  3 19:25:05 2019,93.0,26.3,0.0
Sun Mar  3 19:25:05 2019,93.0,26.3,0.0
Sun Mar  3 19:25:06 2019,93.0,26.3,0.0
Sun Mar  3 19:25:06 2019,93.0,26.3,0.0
Sun Mar  3 19:25:07 2019,93.0,26.3,0.0
Sun Mar  3 19:25:08 2019,93.0,26.3,0.0
Sun Mar  3 19:25:08 2019,93.0,26.3,0.0
Sun Mar  3 19:25:09 2019,93.0,26.3,0.0
Sun Mar  3 19:25:09 2019,93.0,26.3,0.0
Sun Mar  3 19:25:10 2019,93.0,26.3,0.0
Sun Mar  3 19:25:11 2019,93.0,26.3,0.0
Sun Mar  3 19:25:11 2019,93.0,26.3,0.0
Sun Mar  3 19:25:12 2019,93.0,26.3,0.0
Sun Mar  3 19:25:15 2019,93.0,26.3,0.0
Sun Mar  3 19:25:16 2019,93.0,26.3,0.0
Sun Mar  3 19:25:16 2019,93.0,26.3,0.0
Sun Mar  3 19:25:17 2019,93.0,26.3,0.0
Sun Mar  3 19:25:17 2019,93.0,26.3,0.0
Sun Mar  3 19:25:18 2019,93.0,26.3,0.0
Sun Mar  3 19:25:18 2019,93.0,26.3,0.0
Sun Mar  3 19:25:19 2019,93.0,26.3,0.0
Sun Mar  3 19:25:20 2019,93.0,26.3,0.0
Sun Mar  3 19:25:20 2019,93.0,26.3,0.0
Sun Mar  3 19:25:21 2019,93.0,26.3,0.0
Sun Mar  3 19:25:22 2019,93.0,26.3,0.0
Sun Mar  3 19:25:22 2019,93.0,26.3,0.0
Sun Mar  3 19:25:23 2019,93.0,26.3,0.0
Sun Mar  3 19:25:23 2019,93.0,26.3,0.0
Sun Mar  3 19:25:24 2019,93.0,26.3,0.0
Sun Mar  3 19:25:24 2019,93.0,26.3,0.0
Sun Mar  3 19:25:25 2019,93.0,26.3,0.0
Sun Mar  3 19:25:26 2019,93.0,26.3,0.0
Sun Mar  3 19:25:26 2019,93.0,26.3,0.0
Sun Mar  3 19:25:27 2019,93.0,26.3,0.0
Sun Mar  3 19:25:27 2019,93.0,26.3,0.0
Sun Mar  3 19:25:28 2019,93.0,26.3,0.0
Sun Mar  3 19:25:29 2019,93.0,26.3,0.0
Sun Mar  3 19:25:29 2019,93.0,26.3,0.0
Sun Mar  3 19:25:30 2019,93.0,26.3,0.0
Sun Mar  3 19:25:30 2019,93.0,26.3,0.0
Sun Mar  3 19:25:31 2019,93.0,26.3,0.0
Sun Mar  3 19:25:32 2019,93.0,26.3,0.0
Sun Mar  3 19:25:32 2019,93.0,26.3,0.0
Sun Mar  3 19:25:33 2019,93.0,26.3,0.0
Sun Mar  3 19:25:33 2019,93.0,26.3,0.0
Sun Mar  3 19:25:34 2019,93.0,26.3,0.0
Sun Mar  3 19:25:35 2019,93.0,26.3,0.0
Sun Mar  3 19:25:35 2019,93.0,26.3,0.0
Sun Mar  3 19:25:36 2019,93.0,26.3,0.0
Sun Mar  3 19:25:36 2019,93.0,26.3,0.0
Sun Mar  3 19:25:37 2019,93.0,26.3,0.0
Sun Mar  3 19:25:38 2019,93.0,26.3,0.0
Sun Mar  3 19:25:38 2019,93.0,26.3,0.0
Sun Mar  3 19:25:39 2019,93.0,26.3,0.0
Sun Mar  3 19:25:39 2019,93.0,26.3,0.0
Sun Mar  3 19:25:40 2019,93.0,26.3,0.0
Sun Mar  3 19:25:41 2019,93.0,26.3,0.0
Sun Mar  3 19:25:41 2019,93.0,26.3,0.0
Sun Mar  3 19:25:42 2019,93.0,26.3,0.0
Sun Mar  3 19:25:42 2019,93.0,26.3,0.0
Sun Mar  3 19:25:43 2019,93.0,26.3,0.0
Sun Mar  3 19:25:44 2019,93.0,26.3,0.0
Sun Mar  3 19:25:44 2019,93.0,26.3,0.0
Sun Mar  3 19:25:45 2019,93.0,26.3,0.0
Sun Mar  3 19:25:45 2019,93.0,26.3,0.0
Sun Mar  3 19:25:46 2019,93.0,26.3,0.0
Sun Mar  3 19:25:47 2019,93.0,26.3,0.0
Sun Mar  3 19:25:47 2019,93.0,26.3,0.0
Sun Mar  3 19:25:48 2019,93.0,26.3,0.0
Sun Mar  3 19:25:48 2019,93.0,26.3,0.0
Sun Mar  3 19:25:49 2019,93.0,26.3,0.0
Sun Mar  3 19:25:50 2019,93.0,26.3,0.0
Sun Mar  3 19:25:50 2019,93.0,26.3,0.0
Sun Mar  3 19:25:51 2019,93.0,26.3,0.0
Sun Mar  3 19:25:54 2019,93.0,26.2,0.0
Sun Mar  3 19:25:54 2019,93.0,26.3,0.0
Sun Mar  3 19:25:55 2019,93.0,26.3,0.0
Sun Mar  3 19:25:56 2019,93.0,26.3,0.0
Sun Mar  3 19:25:56 2019,93.0,26.3,0.0
Sun Mar  3 19:25:57 2019,93.0,26.3,0.0
Sun Mar  3 19:25:57 2019,93.0,26.3,0.0
Sun Mar  3 19:25:58 2019,93.0,26.3,0.0
Sun Mar  3 19:25:59 2019,93.0,26.3,0.0
Sun Mar  3 19:25:59 2019,93.0,26.3,0.0
Sun Mar  3 19:26:00 2019,93.0,26.3,0.0
Sun Mar  3 19:26:00 2019,93.0,26.3,0.0
Sun Mar  3 19:26:01 2019,93.0,26.3,0.0
Sun Mar  3 19:26:02 2019,93.0,26.2,0.0
Sun Mar  3 19:26:02 2019,93.0,26.3,0.0
Sun Mar  3 19:26:03 2019,94.0,26.3,0.0
Sun Mar  3 19:26:03 2019,94.0,26.3,0.0
Sun Mar  3 19:26:04 2019,93.0,26.2,0.0
Sun Mar  3 19:26:05 2019,94.0,26.3,0.0
Sun Mar  3 19:26:05 2019,94.0,26.3,0.0
Sun Mar  3 19:26:06 2019,94.0,26.3,0.0
Sun Mar  3 19:26:06 2019,94.0,26.3,0.0
Sun Mar  3 19:26:07 2019,94.0,26.3,0.0
Sun Mar  3 19:26:08 2019,94.0,26.3,0.0
Sun Mar  3 19:26:08 2019,94.0,26.3,0.0
Sun Mar  3 19:26:09 2019,94.0,26.3,0.0
Sun Mar  3 19:26:09 2019,94.0,26.3,0.0
Sun Mar  3 19:26:10 2019,94.0,26.3,0.0
Sun Mar  3 19:26:11 2019,94.0,26.3,0.0
Sun Mar  3 19:26:11 2019,94.0,26.3,0.0
Sun Mar  3 19:26:12 2019,94.0,26.3,0.0
Sun Mar  3 19:26:12 2019,94.0,26.3,0.0
Sun Mar  3 19:26:13 2019,94.0,26.3,0.0
Sun Mar  3 19:26:14 2019,94.0,26.3,0.0
Sun Mar  3 19:26:14 2019,94.0,26.3,0.0
Sun Mar  3 19:26:15 2019,94.0,26.3,0.0
Sun Mar  3 19:26:15 2019,94.0,26.3,0.0
Sun Mar  3 19:26:16 2019,94.0,26.3,0.0
Sun Mar  3 19:26:17 2019,94.0,26.3,0.0
Sun Mar  3 19:26:17 2019,94.0,26.3,0.0
Sun Mar  3 19:26:18 2019,94.0,26.3,0.0
Sun Mar  3 19:26:18 2019,94.0,26.3,0.0
Sun Mar  3 19:26:19 2019,94.0,26.3,0.0
Sun Mar  3 19:26:22 2019,94.0,26.3,0.0
Sun Mar  3 19:26:23 2019,94.0,26.3,0.0
Sun Mar  3 19:26:23 2019,94.0,26.3,0.0
Sun Mar  3 19:26:24 2019,94.0,26.3,0.0
Sun Mar  3 19:26:24 2019,94.0,26.3,0.0
Sun Mar  3 19:26:28 2019,94.0,26.3,0.0
Sun Mar  3 19:26:28 2019,94.0,26.3,0.0
Sun Mar  3 19:26:29 2019,94.0,26.3,0.0
Sun Mar  3 19:26:29 2019,94.0,26.3,0.0
Sun Mar  3 19:26:30 2019,94.0,26.3,0.0
Sun Mar  3 19:26:31 2019,94.0,26.3,0.0
Sun Mar  3 19:26:31 2019,94.0,26.3,0.0
Sun Mar  3 19:26:32 2019,94.0,26.3,0.0
Sun Mar  3 19:26:32 2019,94.0,26.3,0.0
Sun Mar  3 19:26:36 2019,94.0,26.3,0.0
Sun Mar  3 19:26:36 2019,94.0,26.3,0.0
Sun Mar  3 19:26:37 2019,94.0,26.3,0.0
Sun Mar  3 19:26:40 2019,94.0,26.3,0.0
Sun Mar  3 19:26:40 2019,94.0,26.3,0.0
Sun Mar  3 19:26:41 2019,94.0,26.3,0.0
Sun Mar  3 19:26:42 2019,94.0,26.3,0.0
Sun Mar  3 19:26:42 2019,94.0,26.3,0.0
Sun Mar  3 19:26:43 2019,94.0,26.3,0.0
Sun Mar  3 19:26:43 2019,94.0,26.3,0.0
Sun Mar  3 19:26:47 2019,94.0,26.3,0.0
Sun Mar  3 19:26:47 2019,94.0,26.3,0.0
Sun Mar  3 19:26:48 2019,94.0,26.3,0.0
Sun Mar  3 19:26:48 2019,94.0,26.3,0.0
Sun Mar  3 19:26:49 2019,94.0,26.3,0.0
Sun Mar  3 19:26:52 2019,94.0,26.3,0.0
Sun Mar  3 19:26:56 2019,94.0,26.3,0.0
Sun Mar  3 19:26:56 2019,94.0,26.3,0.0
Sun Mar  3 19:26:57 2019,94.0,26.3,0.0
Sun Mar  3 19:26:57 2019,94.0,26.3,0.0
Sun Mar  3 19:26:58 2019,94.0,26.3,0.0
Sun Mar  3 19:26:59 2019,94.0,26.3,0.0
Sun Mar  3 19:27:02 2019,94.0,26.3,0.0
Sun Mar  3 19:27:02 2019,94.0,26.3,0.0
Sun Mar  3 19:27:03 2019,94.0,26.3,0.0
Sun Mar  3 19:27:04 2019,94.0,26.3,0.0
Sun Mar  3 19:27:04 2019,94.0,26.3,0.0
Sun Mar  3 19:27:05 2019,94.0,26.3,0.0
Sun Mar  3 19:27:05 2019,94.0,26.3,0.0
Sun Mar  3 19:27:06 2019,94.0,26.3,0.0
Sun Mar  3 19:27:07 2019,94.0,26.3,0.0
Sun Mar  3 19:27:07 2019,94.0,26.3,0.0
Sun Mar  3 19:27:08 2019,94.0,26.3,0.0
Sun Mar  3 19:27:08 2019,94.0,26.3,0.0
Sun Mar  3 19:27:09 2019,94.0,26.3,0.0
Sun Mar  3 19:27:10 2019,94.0,26.3,0.0
Sun Mar  3 19:27:10 2019,94.0,26.3,0.0
Sun Mar  3 19:27:16 2019,93.0,26.3,0.0
Sun Mar  3 19:27:16 2019,93.0,26.3,0.0
Sun Mar  3 19:27:17 2019,93.0,26.3,0.0
Sun Mar  3 19:27:18 2019,93.0,26.3,0.0
Sun Mar  3 19:27:18 2019,93.0,26.3,0.0
Sun Mar  3 19:27:19 2019,93.0,26.3,0.0
Sun Mar  3 19:27:19 2019,93.0,26.3,0.0
Sun Mar  3 19:27:20 2019,93.0,26.3,0.0
Sun Mar  3 19:27:20 2019,93.0,26.3,0.0
Sun Mar  3 19:27:21 2019,93.0,26.3,0.0
Sun Mar  3 19:27:22 2019,93.0,26.3,0.0
Sun Mar  3 19:27:22 2019,93.0,26.3,0.0
Sun Mar  3 19:27:25 2019,93.0,26.3,0.0
Sun Mar  3 19:27:26 2019,93.0,26.3,0.0
Sun Mar  3 19:27:27 2019,93.0,26.2,0.0
Sun Mar  3 19:27:27 2019,93.0,26.3,0.0
Sun Mar  3 19:27:28 2019,93.0,26.3,0.0
Sun Mar  3 19:27:28 2019,93.0,26.3,0.0
Sun Mar  3 19:27:29 2019,93.0,26.3,0.0
Sun Mar  3 19:27:32 2019,93.0,26.3,0.0
Sun Mar  3 19:27:33 2019,93.0,26.3,0.0
Sun Mar  3 19:27:33 2019,93.0,26.3,0.0
Sun Mar  3 19:27:34 2019,93.0,26.3,0.0
Sun Mar  3 19:27:35 2019,93.0,26.3,0.0
Sun Mar  3 19:27:35 2019,93.0,26.3,0.0
Sun Mar  3 19:27:36 2019,93.0,26.3,0.0
Sun Mar  3 19:27:36 2019,93.0,26.3,0.0
Sun Mar  3 19:27:37 2019,93.0,26.3,0.0
Sun Mar  3 19:27:40 2019,93.0,26.3,0.0
Sun Mar  3 19:27:41 2019,93.0,26.3,0.0
Sun Mar  3 19:27:44 2019,93.0,26.3,0.0
Sun Mar  3 19:27:44 2019,93.0,26.3,0.0
Sun Mar  3 19:27:45 2019,93.0,26.3,0.0
Sun Mar  3 19:27:46 2019,93.0,26.3,0.0
Sun Mar  3 19:27:46 2019,93.0,26.2,0.0
Sun Mar  3 19:27:47 2019,93.0,26.3,0.0
Sun Mar  3 19:27:47 2019,93.0,26.3,0.0
Sun Mar  3 19:27:48 2019,93.0,26.3,0.0
Sun Mar  3 19:27:49 2019,93.0,26.3,0.0
Sun Mar  3 19:27:49 2019,93.0,26.3,0.0
Sun Mar  3 19:27:52 2019,93.0,26.3,0.0
Sun Mar  3 19:27:53 2019,93.0,26.3,0.0
Sun Mar  3 19:27:53 2019,93.0,26.3,0.0
Sun Mar  3 19:27:54 2019,93.0,26.3,0.0
Sun Mar  3 19:27:55 2019,93.0,26.3,0.0
Sun Mar  3 19:27:55 2019,93.0,26.3,0.0
Sun Mar  3 19:27:56 2019,93.0,26.3,0.0
Sun Mar  3 19:27:59 2019,93.0,26.3,0.0
Sun Mar  3 19:28:00 2019,93.0,26.3,0.0
Sun Mar  3 19:28:00 2019,93.0,26.3,0.0
Sun Mar  3 19:28:01 2019,93.0,26.2,0.0
Sun Mar  3 19:28:04 2019,93.0,26.3,0.0
Sun Mar  3 19:28:04 2019,93.0,26.2,0.0
Sun Mar  3 19:28:05 2019,93.0,26.3,0.0
Sun Mar  3 19:28:06 2019,93.0,26.3,0.0
Sun Mar  3 19:28:06 2019,93.0,26.3,0.0
Sun Mar  3 19:28:07 2019,93.0,26.3,0.0
Sun Mar  3 19:28:07 2019,93.0,26.2,0.0
Sun Mar  3 19:28:10 2019,93.0,26.3,0.0
Sun Mar  3 19:28:11 2019,93.0,26.2,0.0
Sun Mar  3 19:28:12 2019,93.0,26.2,0.0
Sun Mar  3 19:28:12 2019,93.0,26.3,0.0
Sun Mar  3 19:28:13 2019,93.0,26.2,0.0
Sun Mar  3 19:28:19 2019,93.0,26.2,0.0
Sun Mar  3 19:28:22 2019,93.0,26.2,0.0
Sun Mar  3 19:28:22 2019,93.0,26.2,0.0
Sun Mar  3 19:28:23 2019,93.0,26.2,0.0
Sun Mar  3 19:28:24 2019,93.0,26.2,0.0
Sun Mar  3 19:28:24 2019,93.0,26.2,0.0
Sun Mar  3 19:28:25 2019,93.0,26.2,0.0
Sun Mar  3 19:28:25 2019,93.0,26.2,0.0
Sun Mar  3 19:28:26 2019,93.0,26.3,0.0
Sun Mar  3 19:28:26 2019,93.0,26.2,0.0
Sun Mar  3 19:28:27 2019,93.0,26.2,0.0
Sun Mar  3 19:28:28 2019,93.0,26.2,0.0
Sun Mar  3 19:28:28 2019,93.0,26.2,0.0
Sun Mar  3 19:28:29 2019,93.0,26.2,0.0
Sun Mar  3 19:28:29 2019,93.0,26.3,0.0
Sun Mar  3 19:28:30 2019,93.0,26.2,0.0
Sun Mar  3 19:28:31 2019,93.0,26.2,0.0
Sun Mar  3 19:28:31 2019,93.0,26.3,0.0
Sun Mar  3 19:28:34 2019,93.0,26.2,0.0
Sun Mar  3 19:28:38 2019,93.0,26.2,0.0
Sun Mar  3 19:28:38 2019,93.0,26.2,0.0
Sun Mar  3 19:28:39 2019,93.0,26.2,0.0
Sun Mar  3 19:28:42 2019,93.0,26.3,0.0
Sun Mar  3 19:28:45 2019,93.0,26.2,0.0
Sun Mar  3 19:28:46 2019,93.0,26.3,0.0
Sun Mar  3 19:28:46 2019,93.0,26.2,0.0
Sun Mar  3 19:28:47 2019,93.0,26.2,0.0
Sun Mar  3 19:28:47 2019,93.0,26.2,0.0
Sun Mar  3 19:28:48 2019,93.0,26.3,0.0
Sun Mar  3 19:28:49 2019,93.0,26.2,0.0
Sun Mar  3 19:28:49 2019,93.0,26.2,0.0
Sun Mar  3 19:28:50 2019,93.0,26.2,0.0
Sun Mar  3 19:28:50 2019,93.0,26.2,0.0
Sun Mar  3 19:28:51 2019,93.0,26.2,0.0
Sun Mar  3 19:28:52 2019,93.0,26.2,0.0
Sun Mar  3 19:28:52 2019,93.0,26.2,0.0
Sun Mar  3 19:28:53 2019,93.0,26.2,0.0
Sun Mar  3 19:28:53 2019,93.0,26.2,0.0
Sun Mar  3 19:28:54 2019,93.0,26.2,0.0
Sun Mar  3 19:28:55 2019,93.0,26.2,0.0
Sun Mar  3 19:28:55 2019,93.0,26.2,0.0
Sun Mar  3 19:28:56 2019,93.0,26.2,0.0
Sun Mar  3 19:28:59 2019,93.0,26.2,0.0
Sun Mar  3 19:29:00 2019,93.0,26.2,0.0
Sun Mar  3 19:29:00 2019,93.0,26.3,0.0
Sun Mar  3 19:29:01 2019,93.0,26.2,0.0
Sun Mar  3 19:29:01 2019,93.0,26.2,0.0
Sun Mar  3 19:29:02 2019,93.0,26.2,0.0
Sun Mar  3 19:29:02 2019,93.0,26.2,0.0
Sun Mar  3 19:29:03 2019,93.0,26.2,0.0
Sun Mar  3 19:29:04 2019,93.0,26.3,0.0
Sun Mar  3 19:29:04 2019,93.0,26.2,0.0
Sun Mar  3 19:29:05 2019,93.0,26.2,0.0
Sun Mar  3 19:29:08 2019,93.0,26.2,0.0
Sun Mar  3 19:29:09 2019,93.0,26.3,0.0
Sun Mar  3 19:29:09 2019,93.0,26.2,0.0
Sun Mar  3 19:29:10 2019,93.0,26.2,0.0
Sun Mar  3 19:29:10 2019,93.0,26.2,0.0
